[
  { "link": "http://www.aach.de/" },
  { "link": "http://www.aachen.de/" },
  { "link": "https://www.aalen.de/" },
  { "link": "https://www.abenberg.de/" },
  { "link": "https://www.abensberg.de/" },
  { "link": "https://www.achern.de/willkommen" },
  { "link": "https://www.achim.de/" },
  { "link": "https://www.adelsheim.de/" },
  { "link": "http://www.stadt-adenau.de/" },
  { "link": "https://www.adorf-vogtland.de/" },
  { "link": "https://www.ahaus.de/startseite.html" },
  { "link": "https://www.ahlen.de/" },
  { "link": "https://www.ahrensburg.de/" },
  { "link": "https://www.aichach.de/" },
  { "link": "https://www.aichtal.de/" },
  { "link": "https://www.aken.de/" },
  { "link": "https://www.albstadt.de/" },
  { "link": "https://www.alfeld.de/" },
  { "link": "https://www.allendorf-lda.de/" },
  { "link": "https://www.allstedt.de/" },
  { "link": "https://www.stadt-alpirsbach.de/" },
  { "link": "http://www.alsdorf.de/" },
  { "link": "https://www.alsfeld.de/" },
  { "link": "https://www.alsleben-saale-online.de/" },
  { "link": "https://www.altdorf.de/" },
  { "link": "http://www.altena.de/" },
  { "link": "https://www.altenberg.de/" },
  { "link": "https://www.altenburg.eu/" },
  { "link": "http://www.altenkirchen.de/" },
  { "link": "https://www.altensteig.de/" },
  { "link": "http://www.altentreptow.de/" },
  { "link": "http://www.altlandsberg.de/" },
  { "link": "http://www.altoetting.de/" },
  { "link": "https://www.alzenau.de/" },
  { "link": "https://www.alzey.de/" },
  { "link": "http://amberg.de/" },
  { "link": "https://www.amoeneburg.de/" },
  { "link": "https://www.amorbach.de/" },
  { "link": "https://www.andernach.de/" },
  { "link": "http://www.angermuende.de/" },
  { "link": "https://www.anklam.de/" },
  { "link": "https://www.annaberg-buchholz.de/" },
  { "link": "http://www.annaburg.de/" },
  { "link": "http://www.annweiler.de/" },
  { "link": "https://www.ansbach.de/" },
  { "link": "http://www.apolda.de/" },
  { "link": "http://www.stadt-arendsee.eu/" },
  { "link": "https://www.stadt-arneburg.de/" },
  { "link": "http://www.stadt-arnis.de/" },
  { "link": "https://www.arnsberg.de/" },
  { "link": "http://www.arnstadt.de/" },
  { "link": "http://stadt-arnstein.de//" },
  { "link": "https://www.arnstein-harz.de/" },
  { "link": "https://www.artern.de/" },
  { "link": "http://www.arzberg.de/" },
  { "link": "https://www.aschaffenburg.de/" },
  { "link": "https://www.aschersleben.de/" },
  { "link": "https://www.asperg.de/" },
  { "link": "https://www.asslar.de/" },
  { "link": "https://www.attendorn.de/" },
  { "link": "http://www.stadt-aub.de/" },
  { "link": "https://www.auerbach.de/" },
  { "link": "https://www.stadt-auerbach.de/" },
  { "link": "https://www.augsburg.de/" },
  { "link": "https://augustusburg.de/" },
  { "link": "https://www.aulendorf.de/" },
  { "link": "http://www.rathaus-auma.de/" },
  { "link": "https://www.aurich.de/" },
  { "link": "http://www.bacharach.de/" },
  { "link": "https://www.backnang.de/start" },
  { "link": "https://www.bad-aibling.de/" },
  { "link": "http://www.bad-arolsen.de/" },
  { "link": "http://www.bad-belzig.de/" },
  { "link": "http://www.stadt-badbentheim.de/" },
  { "link": "https://www.bad-bergzabern.de/" },
  { "link": "http://www.bad-berka.de/" },
  { "link": "https://www.bad-berleburg.de/" },
  { "link": "http://bad-berneck.com/" },
  { "link": "https://www.bad-bevensen.de/" },
  { "link": "http://www.vgem-finne.de/" },
  { "link": "http://www.bad-blankenburg.de/" },
  { "link": "http://www.bad-bramstedt.de/" },
  { "link": "http://www.bad-breisig.de/" },
  { "link": "https://www.bad-brueckenau.de/" },
  { "link": "https://www.bad-buchau.de" },
  { "link": "https://www.bad-camberg.de/startseite.html" },
  { "link": "http://www.bad-doberan.de/buergerservice.html" },
  { "link": "http://www.bad-driburg.de/" },
  { "link": "https://www.bad-dueben.de/" },
  { "link": "http://www.bad-duerkheim.de/" },
  { "link": "http://www.stadt-bad-duerrenberg.de/" },
  { "link": "http://badduerrheim.de/" },
  { "link": "http://www.badelster.de" },
  { "link": "http://www.bad-ems.de/" },
  { "link": "https://www.baden-baden.de/" },
  { "link": "http://www.badfallingbostel.de/" },
  { "link": "http://www.bad-frankenhausen.de/" },
  { "link": "https://bad-freienwalde.de/" },
  { "link": "http://www.bad-friedrichshall.de/" },
  { "link": "https://www.bad-gandersheim.de/" },
  { "link": "https://www.stadt-bgb.de/" },
  { "link": "http://www.badgriesbach.de/" },
  { "link": "https://www.stadt-bad-harzburg.de/" },
  { "link": "https://www.badherrenalb.de/de/" },
  { "link": "http://www.bad-hersfeld.de/" },
  { "link": "https://www.bad-homburg.de/" },
  { "link": "http://www.bad-honnef.de/" },
  { "link": "http://www.bad-hoenningen.de/" },
  { "link": "https://www.badiburg.de/" },
  { "link": "http://www.bad-karlshafen.de/" },
  { "link": "https://www.badkissingen.de/" },
  { "link": "http://www.badkoenig.de/" },
  {
    "link": "http://www.badkoenigshofen.rhoen-saale.net/internet/index.php/stadt/"
  },
  { "link": "http://www.stadt-bad-koestritz.de/" },
  { "link": "http://www.bad-koetzting.de/" },
  { "link": "http://www.bad-kreuznach.de/" },
  { "link": "https://www.bad-krozingen.de/" },
  { "link": "https://www.stadt-badlaasphe.de/" },
  { "link": "https://www.badlangensalza.de/" },
  { "link": "http://www.goethestadt-bad-lauchstaedt.de/" },
  { "link": "http://www.bad-lausick.de/" },
  { "link": "http://www.badlauterberg.de/" },
  { "link": "http://www.bad-liebenstein.de/" },
  { "link": "http://www.badliebenwerda.de/" },
  { "link": "http://www.bad-liebenzell.de/" },
  { "link": "https://www.bad-lippspringe.de/bali/index.php" },
  { "link": "http://www.moorbad-lobenstein.de/" },
  { "link": "http://www.badmarienberg.de/" },
  { "link": "https://www.bad-mergentheim.de/" },
  { "link": "http://www.bad-muender.de/" },
  { "link": "http://www.bad-muenstereifel.de/" },
  { "link": "https://www.badmuskau.de/" },
  { "link": "https://www.bad-nauheim.de/" },
  { "link": "http://www.badnenndorf.de/" },
  { "link": "https://www.bad-neuenahr-ahrweiler.de/" },
  { "link": "http://www.bad-neustadt.de/" },
  { "link": "https://www.badoeynhausen.de/" },
  { "link": "http://www.badoldesloe.de/" },
  { "link": "http://www.bad-orb.de/" },
  { "link": "http://www.stadt-badpyrmont.de/" },
  { "link": "https://www.badrappenau.de/" },
  { "link": "https://www.stadt-bad-reichenhall.de/" },
  { "link": "http://www.bad-rodach.de/" },
  { "link": "http://stadt.bad-sachsa.de/" },
  { "link": "http://www.bad-saeckingen.de/" },
  { "link": "https://www.bad-salzdetfurth.de/" },
  { "link": "https://www.stadt-bad-salzuflen.de/" },
  { "link": "https://www.badsalzungen.de/" },
  { "link": "http://www.bad-saulgau.de/" },
  { "link": "http://www.bad-schandau.de/" },
  { "link": "http://www.bad-schmiedeberg.de/" },
  { "link": "https://www.bad-schussenried.de/" },
  { "link": "https://www.bad-schwalbach.de/" },
  { "link": "http://www.bad-schwartau.de/" },
  { "link": "http://www.bad-segeberg.de/" },
  { "link": "http://stadt.bad-sobernheim.de/" },
  { "link": "https://www.bad-soden.de/" },
  { "link": "http://www.badsoden-salmuenster.de/" },
  { "link": "http://www.bad-sooden-allendorf.de/" },
  { "link": "https://www.bad-staffelstein.de/" },
  { "link": "http://www.bad-sulza.de/" },
  { "link": "http://www.stadtbadsuelze.de/" },
  { "link": "http://www.bad-teinach-zavelstein.de/" },
  { "link": "https://www.badtennstedt.de/" },
  { "link": "https://www.bad-toelz.de/" },
  { "link": "http://www.bad-urach.de/" },
  { "link": "http://www.bad-vilbel.de/" },
  { "link": "http://www.bad-waldsee.de/" },
  { "link": "https://www.bad-wildbad.de/" },
  { "link": "https://www.bad-wildungen.de/" },
  { "link": "http://www.bad-wilsnack.de/" },
  { "link": "https://www.badwimpfen.de/" },
  { "link": "http://www.bad-windsheim.de/" },
  { "link": "http://rathaus.bad-woerishofen.de/" },
  { "link": "http://www.wuennenberg.de/" },
  { "link": "https://www.bad-wurzach.de/" },
  { "link": "http://www.baesweiler.de/" },
  { "link": "https://www.baiersdorf.de/" },
  { "link": "http://www.balingen.de/" },
  { "link": "http://www.ballenstedt.de/" },
  { "link": "http://www.balve.de/" },
  { "link": "https://www.stadt.bamberg.de/" },
  { "link": "http://www.stadt-barby.de/" },
  { "link": "http://www.bargteheide.de/" },
  { "link": "http://www.barmstedt.de/" },
  { "link": "http://www.baernau.de/" },
  { "link": "http://www.barntrup.de/" },
  { "link": "https://www.barsinghausen.de/" },
  { "link": "https://www.stadt-barth.de/" },
  { "link": "https://www.stadt-baruth-mark.de/" },
  { "link": "https://www.bassum.de/" },
  { "link": "http://www.battenberg-eder.de" },
  { "link": "http://www.baumholder.de/" },
  { "link": "http://www.vg-baunach.de/" },
  { "link": "http://www.baunatal.de/" },
  { "link": "http://www.bautzen.de/" },
  { "link": "https://www.bayreuth.de/" },
  { "link": "http://www.bebra.de/" },
  { "link": "https://www.beckum.de/" },
  { "link": "https://www.bedburg.de/" },
  { "link": "https://www.beelitz.de/" },
  { "link": "https://www.beeskow.de/" },
  { "link": "http://www.beilngries.de/" },
  { "link": "http://www.beilstein.de/" },
  { "link": "https://www.belgernschildau.de/" },
  { "link": "https://www.bendorf.de/" },
  { "link": "https://www.bensheim.de/" },
  { "link": "http://www.berching.eu/" },
  { "link": "http://www.stadt-berga.de/" },
  { "link": "https://www.bergen-online.de/" },
  { "link": "http://www.stadt-bergen-auf-ruegen.de/" },
  { "link": "http://www.bergheim.de/" },
  { "link": "https://www.bergischgladbach.de/" },
  { "link": "https://www.bergkamen.de/" },
  { "link": "http://www.stadt-bergneustadt.de/" },
  { "link": "https://www.berlin.de/" },
  { "link": "https://www.bernau-bei-berlin.de/" },
  { "link": "https://www.bernburg.de/" },
  { "link": "https://www.bernkastel.de/" },
  { "link": "https://www.bernsdorf.de/" },
  { "link": "https://www.bernstadt.info/" },
  { "link": "http://www.bersenbrueck.de/" },
  { "link": "http://www.besigheim.de/" },
  { "link": "https://www.vg-bg.de/" },
  { "link": "http://www.betzenstein.de/" },
  { "link": "http://www.beverungen.de/" },
  { "link": "http://www.bexbach.de/" },
  { "link": "https://biberach-riss.de/" },
  { "link": "http://www.biedenkopf.de/" },
  { "link": "https://www.bielefeld.de/" },
  { "link": "http://www.stadt-biesenthal.de/" },
  { "link": "https://www.bietigheim-bissingen.de/" },
  { "link": "http://www.billerbeck.de/" },
  { "link": "http://www.bingen.de/" },
  { "link": "http://www.stadt-birkenfeld.de/" },
  { "link": "http://www.bischofsheim-rhoen.de/" },
  { "link": "http://www.bischofswerda.de/" },
  { "link": "http://www.stadt-bismark.de/" },
  { "link": "http://www.bitburg.de/" },
  { "link": "http://www.bitterfeld-wolfen.de/" },
  { "link": "http://www.blankenburg.de/" },
  { "link": "http://www.blankenhain.de/" },
  { "link": "https://www.blaubeuren.de/" },
  { "link": "https://www.blaustein.de/" },
  { "link": "http://www.bleckede.de/" },
  { "link": "http://www.bleicherode.de/" },
  { "link": "https://www.blieskastel.de/" },
  { "link": "http://www.blomberg-lippe.de/" },
  { "link": "http://www.stadt-blumberg.de/" },
  { "link": "https://www.stadt-bobingen.de/" },
  { "link": "http://www.boeblingen.de/" },
  { "link": "https://www.bocholt.de/" },
  { "link": "https://www.bochum.de/" },
  { "link": "https://www.bockenem.de/" },
  { "link": "http://www.bodenwerder.de/" },
  { "link": "http://www.bogen.de/" },
  { "link": "http://www.stadt-boehlen.de/" },
  { "link": "http://www.boizenburg.de/" },
  { "link": "https://www.bonn.de/" },
  { "link": "https://www.bonndorf.de/" },
  { "link": "http://www.boennigheim.de/" },
  { "link": "http://www.bopfingen.de/" },
  { "link": "https://www.boppard.de/" },
  { "link": "https://www.borgentreich.de/" },
  { "link": "https://www.borgholzhausen.de/" },
  { "link": "http://www.borken.de/" },
  { "link": "http://www.borken-hessen.de/" },
  { "link": "http://www.stadt-borkum.de/" },
  { "link": "http://www.borna.de/" },
  { "link": "https://www.bornheim.de/" },
  { "link": "https://www.bottrop.de/" },
  { "link": "http://www.boxberg.de/" },
  { "link": "https://www.brackenheim.de/" },
  { "link": "http://www.brake.de/" },
  { "link": "https://www.brakel.de/" },
  { "link": "http://www.bramsche.de/" },
  { "link": "https://www.stadt-brandenburg.de/" },
  { "link": "http://www.brand-erbisdorf.de/" },
  { "link": "http://www.stadt-brandis.de/" },
  { "link": "http://www.braubach.de/" },
  { "link": "http://www.braunfels.de/" },
  { "link": "http://www.stadt-braunlage.de/" },
  { "link": "https://www.braeunlingen.de/" },
  { "link": "http://www.braunsbedra.de/" },
  { "link": "https://www.braunschweig.de/" },
  { "link": "https://www.breckerfeld.de/" },
  { "link": "http://www.bredstedt.de/" },
  { "link": "https://www.breisach.de/" },
  { "link": "https://www.bremen.de/" },
  { "link": "https://www.bremerhaven.de/" },
  { "link": "https://www.bremervoerde.de/" },
  { "link": "http://www.bretten.de/" },
  { "link": "http://www.breuberg.de/" },
  { "link": "http://www.brilon.de/" },
  { "link": "http://www.brotterode-trusetal.de/" },
  { "link": "http://www.bruchkoebel.de/" },
  { "link": "https://www.bruchsal.de/" },
  { "link": "http://www.amt-brueck.de/" },
  { "link": "http://www.stadt-brueel.de/" },
  { "link": "https://www.bruehl.de/" },
  { "link": "http://www.brunsbuettel.de/" },
  { "link": "http://www.amt-bruessow.de/" },
  { "link": "https://www.buchen.de/" },
  { "link": "https://www.buchholz.de/" },
  { "link": "https://www.buchloe.de/" },
  { "link": "https://www.bueckeburg.de/" },
  { "link": "http://www.kurstadt-buckow.de/" },
  { "link": "https://www.buedelsdorf.de/" },
  { "link": "http://www.stadt-buedingen.de/" },
  { "link": "http://www.buehl.de/" },
  { "link": "https://www.buende.de/" },
  { "link": "http://www.bueren.de/" },
  { "link": "http://www.stadt-burg.de/" },
  { "link": "https://www.burgau.de/" },
  { "link": "https://www.burgbernheim.de/" },
  { "link": "https://www.burgdorf.de/" },
  { "link": "http://www.stadt-buergel.de/" },
  { "link": "https://www.burghausen.de/" },
  { "link": "http://www.burgkunstadt.eu/" },
  { "link": "http://www.burglengenfeld.de/" },
  { "link": "http://www.burgstaedt.de/" },
  { "link": "https://www.burg-stargard.de/" },
  { "link": "https://www.burgwedel.de/" },
  { "link": "http://www.burladingen.de/" },
  { "link": "http://www.burscheid.de/" },
  { "link": "http://www.buerstadt.de/" },
  { "link": "http://www.stadt-buttstaedt.de/" },
  { "link": "http://www.stadt-butzbach.de/" },
  { "link": "http://www.buetzow.de/" },
  { "link": "https://www.buxtehude.de/" },
  { "link": "https://www.calau.de/" },
  { "link": "http://www.calbe.de/" },
  { "link": "https://www.calw.de/" },
  { "link": "https://www.castrop-rauxel.de/" },
  { "link": "https://www.celle.de/" },
  { "link": "https://www.cham.de/" },
  { "link": "https://www.chemnitz.de/" },
  { "link": "http://www.clausthal-zellerfeld.de/" },
  { "link": "http://www.clingen.net/" },
  { "link": "http://www.cloppenburg.de/" },
  { "link": "https://www.coburg.de/" },
  { "link": "http://www.cochem.de/stadt/willkommen" },
  { "link": "https://www.coesfeld.de/" },
  { "link": "http://www.colditz.de/" },
  { "link": "https://www.coswig.de/" },
  { "link": "https://www.coswigonline.de/" },
  { "link": "https://www.cottbus.de/" },
  { "link": "https://www.crailsheim.de/" },
  { "link": "https://www.creglingen.de/" },
  { "link": "https://www.stadt-creussen.de/" },
  { "link": "http://www.creuzburg-online.de/" },
  { "link": "https://www.crimmitschau.de/" },
  { "link": "https://www.amt-crivitz.de/crivitz.html" },
  { "link": "https://www.cuxhaven.de/" },
  { "link": "http://www.daaden.org/" },
  { "link": "http://www.dachau.de/" },
  { "link": "http://www.heidestadt-dahlen.de/" },
  { "link": "https://www.dahme.de/" },
  { "link": "http://www.dahn.de/" },
  { "link": "http://www.damme.de/" },
  { "link": "http://www.dannenberg.de/" },
  { "link": "http://www.dargun.de/" },
  { "link": "https://www.darmstadt.de/" },
  { "link": "http://www.stadt-dassel.de/" },
  { "link": "https://www.schoenberger-land.de/Stadt-Dassow" },
  { "link": "https://www.datteln.de/" },
  { "link": "http://www.stadt-daun.de/" },
  { "link": "http://www.deggendorf.de/" },
  { "link": "http://www.deidesheim.de/" },
  { "link": "http://www.stadt-delbrueck.de/" },
  { "link": "http://www.delitzsch.de/" },
  { "link": "https://www.delmenhorst.de/" },
  { "link": "http://www.demmin.de/" },
  { "link": "https://www.dessau-rosslau.de/" },
  { "link": "https://www.detmold.de/" },
  { "link": "http://www.dettelbach.de/" },
  { "link": "http://www.dieburg.de/" },
  { "link": "http://www.diemelstadt.de" },
  { "link": "https://www.stadt-diepholz.de/" },
  { "link": "http://www.dierdorf.de/" },
  { "link": "http://www.dietenheim.de" },
  { "link": "https://www.dietfurt.de/" },
  { "link": "http://www.dietzenbach.de/" },
  { "link": "http://www.stadt-diez.de/" },
  { "link": "http://www.dillenburg.de/" },
  { "link": "http://www.dillingen-donau.de/" },
  { "link": "https://www.dillingen-saar.de/" },
  { "link": "http://www.dingelstaedt.eu/" },
  { "link": "http://www.dingolfing.de/" },
  { "link": "https://www.dinkelsbuehl.de/" },
  { "link": "http://www.dinklage.de/" },
  { "link": "https://www.dinslaken.de/" },
  { "link": "https://www.dippoldiswalde.de/" },
  { "link": "https://www.dissen.de/" },
  { "link": "https://www.ditzingen.de/" },
  { "link": "http://www.doebeln.de/" },
  { "link": "http://www.doberlug-kirchhain.de/" },
  { "link": "http://www.doebern.de/" },
  { "link": "https://www.stadt-dohna.de/" },
  { "link": "http://www.doemitz.de/" },
  { "link": "https://www.dommitzsch.de/" },
  { "link": "https://www.donaueschingen.de/" },
  { "link": "http://www.donauwoerth.de/" },
  { "link": "http://www.donzdorf.de/" },
  { "link": "http://www.dorfen.de/" },
  { "link": "https://dormagen.de/" },
  { "link": "http://www.dornburg-camburg.de/" },
  { "link": "https://www.dornhan.de/" },
  { "link": "https://www.dornstetten.de/" },
  { "link": "https://www.dorsten.de/" },
  { "link": "https://www.dortmund.de/" },
  { "link": "http://www.stadt-dransfeld.de/stadt" },
  { "link": "http://www.drebkau.de/" },
  { "link": "https://www.dreieich.de/" },
  { "link": "https://www.drensteinfurt.de/" },
  { "link": "https://www.dresden.de/" },
  { "link": "http://www.drolshagen.de/" },
  { "link": "http://www.duderstadt.de/" },
  { "link": "https://www.duisburg.de/" },
  { "link": "https://www.duelmen.de/" },
  { "link": "https://www.dueren.de/" },
  { "link": "https://www.duesseldorf.de" },
  { "link": "http://www.ebeleben-stadt.de/" },
  { "link": "http://www.eberbach.de/" },
  { "link": "https://www.ebermannstadt.de/" },
  { "link": "http://www.ebern.de/" },
  { "link": "https://www.ebersbach.de/" },
  { "link": "https://www.ebersbach-neugersdorf.de/" },
  { "link": "https://www.ebersberg.de/" },
  { "link": "https://www.eberswalde.de/" },
  { "link": "http://www.vgem-finne.de/" },
  { "link": "http://www.eckernfoerde.de/" },
  { "link": "https://www.edenkoben.de/" },
  { "link": "http://www.egeln.info/" },
  { "link": "https://www.eggenfelden.de/" },
  { "link": "http://www.eggesin.de/" },
  { "link": "https://www.ehingen.de/" },
  { "link": "https://www.stadt-ehrenfriedersdorf.de/" },
  { "link": "http://www.eibelstadt.de/" },
  { "link": "http://www.eibenstock.de/" },
  { "link": "https://www.eichstaett.de/" },
  { "link": "https://www.eilenburg.de/" },
  { "link": "http://www.einbeck.de/" },
  { "link": "https://www.eisenach.de/startseite/" },
  { "link": "http://www.stadt-eisenberg.de/" },
  { "link": "http://www.eisenberg.de/" },
  { "link": "http://www.eisenhuettenstadt.de/" },
  { "link": "https://www.stadt-eisfeld.de/" },
  { "link": "https://www.eisleben.eu/" },
  { "link": "https://www.eislingen.de/" },
  { "link": "http://www.ellingen.de/" },
  { "link": "https://www.stadtellrich.de/" },
  { "link": "http://www.ellwangen.de/" },
  { "link": "https://www.elmshorn.de/" },
  { "link": "http://www.elsdorf.de/" },
  { "link": "https://www.elsfleth.de/" },
  { "link": "http://www.elsterberg.de/" },
  { "link": "http://www.elsterwerda.de/" },
  { "link": "http://www.elstra.de" },
  { "link": "http://www.elterlein-im-erzgebirge.de/" },
  { "link": "http://www.eltmann.de/" },
  { "link": "https://www.eltville.de/" },
  { "link": "http://www.elzach.de/" },
  { "link": "http://www.elze.de/" },
  { "link": "https://www.emden.de/" },
  { "link": "http://www.stadt-emmelshausen.de/" },
  { "link": "https://www.emmendingen.de/" },
  { "link": "https://www.emmerich.de/" },
  { "link": "https://www.emsdetten.de/" },
  { "link": "http://www.endingen.de/" },
  { "link": "https://www.engen.de/" },
  { "link": "http://www.enger.de/" },
  { "link": "http://www.ennepetal.de/" },
  { "link": "https://www.stadt-ennigerloh.de/" },
  { "link": "http://www.eppelheim.de/" },
  { "link": "http://www.eppingen.de/" },
  { "link": "http://www.eppstein.de" },
  { "link": "http://www.erbach-donau.de/" },
  { "link": "http://www.erbach.de/" },
  { "link": "http://www.erbendorf.de/" },
  { "link": "http://www.erding.de/" },
  { "link": "http://www.erftstadt.de/" },
  { "link": "http://www.erfurt.de/" },
  { "link": "https://www.erkelenz.de/" },
  { "link": "http://www.erkner.de/" },
  { "link": "https://www.erkrath.de/" },
  { "link": "https://www.erlangen.de/" },
  { "link": "http://www.stadt-erlenbach.de/" },
  { "link": "https://www.erlensee.de/" },
  { "link": "http://www.erwitte.de/" },
  { "link": "http://www.eschborn.de/" },
  { "link": "http://www.eschenbach-opf.de/" },
  { "link": "http://www.eschershausen-stadtoldendorf.de/" },
  { "link": "http://www.eschwege.de/" },
  { "link": "http://www.eschweiler.de/" },
  { "link": "https://www.esens.de/" },
  { "link": "http://www.espelkamp.de/" },
  { "link": "https://www.essen.de/" },
  { "link": "https://www.esslingen.de/" },
  { "link": "http://www.ettenheim.de/" },
  { "link": "https://www.ettlingen.de/" },
  { "link": "https://www.euskirchen.de/" },
  { "link": "http://www.eutin.de/" },
  { "link": "https://www.falkenberg-elster.de/" },
  { "link": "https://www.falkensee.de/" },
  { "link": "http://www.stadt-falkenstein-harz.de/" },
  { "link": "https://www.stadt-falkenstein.de/" },
  { "link": "http://www.stadtfehmarn.de/" },
  { "link": "https://www.fellbach.de/" },
  { "link": "https://www.felsberg.de/" },
  { "link": "http://www.feuchtwangen.de/" },
  { "link": "http://www.filderstadt.de/" },
  { "link": "https://www.finsterwalde.de/" },
  { "link": "http://www.fladungen.de/" },
  { "link": "http://www.flensburg.de/" },
  { "link": "https://www.floeha.de/" },
  { "link": "https://www.floersheim-main.de/" },
  { "link": "https://www.florstadt.de/" },
  { "link": "https://www.forchheim.de/" },
  { "link": "http://www.forchtenberg.de/" },
  { "link": "http://www.forst-lausitz.de/" },
  { "link": "https://www.frankenau.de/" },
  { "link": "https://www.frankenberg.de/" },
  { "link": "https://www.frankenberg-sachsen.de/" },
  { "link": "https://www.frankenthal.de/" },
  { "link": "https://www.frankfurt.de/" },
  { "link": "https://www.frankfurt-oder.de/" },
  { "link": "http://www.amt-franzburg-richtenberg.de/franzburg.html" },
  { "link": "http://www.frauenstein-erzgebirge.de/" },
  { "link": "http://www.frechen.de/" },
  { "link": "http://www.freiberg-an.de/" },
  { "link": "http://www.freiberg.de/" },
  { "link": "https://www.freiburg.de/" },
  { "link": "https://www.freilassing.de" },
  { "link": "http://www.stadt-freinsheim.de/" },
  { "link": "https://www.freising.de/" },
  { "link": "https://www.freital.de/" },
  { "link": "http://www.freren.de/" },
  { "link": "https://www.freudenberg-main.de/" },
  { "link": "http://www.freudenberg-stadt.de/" },
  { "link": "https://www.freudenstadt.de/" },
  { "link": "http://www.freyburg-info.de/" },
  { "link": "https://freystadt.de/" },
  { "link": "http://www.freyung.de/" },
  { "link": "http://www.fridingen.de/" },
  { "link": "https://www.friedberg.de/" },
  { "link": "https://www.friedberg-hessen.de/" },
  { "link": "http://www.friedland-nl.de/" },
  { "link": "http://www.friedland-mecklenburg.de/" },
  { "link": "http://www.friedrichroda.de/" },
  { "link": "https://www.friedrichsdorf.de/" },
  { "link": "https://www.friedrichshafen.de/" },
  { "link": "http://www.friedrichstadt.de/" },
  { "link": "https://www.friedrichsthal.de/" },
  { "link": "http://www.amt-friesack.de/verzeichnis/objekt.php?mandat=130829" },
  { "link": "https://www.friesoythe.de/" },
  { "link": "https://www.fritzlar.de/" },
  { "link": "http://www.frohburg.de/" },
  { "link": "http://www.froendenberg.de/" },
  { "link": "https://www.fulda.de/" },
  { "link": "https://www.fuerstenau.de/" },
  { "link": "http://www.fuerstenberg-havel.de/" },
  { "link": "https://www.fuerstenfeldbruck.de/" },
  { "link": "http://www.fuerstenwalde-spree.de/" },
  { "link": "http://www.fuerth.de/" },
  { "link": "http://www.furth.de/" },
  { "link": "http://www.furtwangen.de/" },
  { "link": "https://www.stadt-fuessen.de/" },
  { "link": "http://www.gadebusch.de" },
  { "link": "https://www.gaggenau.de/" },
  { "link": "https://www.gaildorf.de/" },
  { "link": "http://www.gammertingen.de/" },
  { "link": "https://www.garbsen.de/" },
  { "link": "https://www.garching.de/" },
  { "link": "https://www.gardelegen.de/" },
  { "link": "https://www.garding.de/" },
  { "link": "http://www.gartz.de/" },
  { "link": "http://www.stadt-garz-ruegen.de/" },
  { "link": "https://www.gau-algesheim.de/" },
  { "link": "https://www.gebesee.de/" },
  { "link": "https://www.gedern.de/" },
  { "link": "https://www.geesthacht.de/" },
  { "link": "https://www.geestland.eu/" },
  { "link": "http://www.stadt-gefell.de/" },
  { "link": "http://www.gefrees.de/" },
  { "link": "https://www.gehrden.de/" },
  { "link": "https://www.geilenkirchen.de/" },
  { "link": "http://www.stadt-geisa.org/" },
  { "link": "http://www.geiselhoering.de/" },
  { "link": "http://www.geisenfeld.de/" },
  { "link": "https://www.geisenheim.de/" },
  { "link": "https://www.geisingen.de/" },
  { "link": "http://www.stadt-geislingen.de/" },
  { "link": "http://www.geislingen.de/" },
  { "link": "http://www.geithain.de/" },
  { "link": "https://www.geldern.de/" },
  { "link": "http://www.gelnhausen.de/" },
  { "link": "https://www.gelsenkirchen.de/" },
  { "link": "http://www.stadt-gemuenden.de/" },
  { "link": "http://www.gemuenden-wohra.de/" },
  { "link": "https://www.stadt-gengenbach.de/" },
  { "link": "http://www.stadt-genthin.de/" },
  { "link": "https://www.georgsmarienhuette.de/" },
  { "link": "https://www.gera.de/" },
  { "link": "http://www.gerabronn.de/" },
  { "link": "https://www.stadt-gerbstedt.de/" },
  { "link": "http://www.geretsried.de/" },
  { "link": "http://www.geringswalde.de/" },
  { "link": "http://www.gerlingen.de/" },
  { "link": "https://www.germering.de/" },
  { "link": "http://www.germersheim.eu/sv_germersheim/" },
  { "link": "http://www.gernsbach.de/" },
  { "link": "https://www.gernsheim.de/" },
  { "link": "http://www.gerolstein.org/" },
  { "link": "https://www.gerolzhofen.de/" },
  { "link": "https://www.gersfeld.de/" },
  { "link": "http://www.gersthofen.de/" },
  { "link": "http://www.gescher.de/" },
  { "link": "http://www.geseke.de/" },
  { "link": "http://www.gevelsberg.de/" },
  { "link": "http://www.stadt-geyer.de/" },
  { "link": "http://www.giengen.de/" },
  { "link": "https://www.giessen.de/" },
  { "link": "https://www.stadt-gifhorn.de/" },
  { "link": "https://www.gigu.de/" },
  { "link": "https://www.gladbeck.de/" },
  { "link": "http://www.gladenbach.de/" },
  { "link": "http://www.glashuette-sachs.de/" },
  { "link": "http://www.glauchau.de/" },
  { "link": "http://www.glinde.de/" },
  { "link": "http://stadt.gluecksburg.de/" },
  { "link": "https://www.glueckstadt.de/" },
  { "link": "http://www.stadt-gnoien.de/" },
  { "link": "https://www.goch.de/" },
  {
    "link": "https://www.amt-goldberg-mildenitz.de/verzeichnis/objekt.php?mandat=40292"
  },
  { "link": "https://www.goldkronach.de/" },
  { "link": "http://www.golssen.de/" },
  { "link": "https://www.gommern.de/" },
  { "link": "http://www.goeppingen.de/" },
  { "link": "https://www.goerlitz.de/" },
  { "link": "https://www.goslar.de/" },
  { "link": "http://www.goessnitz.de/" },
  { "link": "http://www.gotha.de/" },
  { "link": "https://www.goettingen.de/" },
  { "link": "http://www.grabow.de/" },
  { "link": "http://www.grafenau.de/" },
  { "link": "https://www.graefenberg.de/" },
  { "link": "http://www.graefenhainichen.de/" },
  { "link": "http://www.graefenthal.de/" },
  { "link": "http://www.grafenwoehr.de/" },
  { "link": "https://www.grafing.de/" },
  { "link": "https://www.gransee.de/" },
  { "link": "http://www.grebenau.de/" },
  { "link": "https://grebenstein.de/" },
  { "link": "http://www.greding.de/" },
  { "link": "https://www.greifswald.de/" },
  { "link": "https://www.greiz.de/" },
  { "link": "https://www.vgem-greussen.de/" },
  { "link": "https://www.greven.net/" },
  { "link": "https://www.grevenbroich.de/" },
  { "link": "http://www.grevesmuehlen.eu/" },
  { "link": "https://www.griesheim.de/" },
  { "link": "http://www.grimma.de/" },
  { "link": "http://www.grimmen.de/" },
  { "link": "http://www.groeditz.de/" },
  { "link": "https://groitzsch.de/" },
  { "link": "http://www.gronau-leine.de/" },
  { "link": "https://www.gronau.de/" },
  {
    "link": "https://www.westlicheboerde.de/Bürger-Gemeinde/Verbandsgemeinde/Stadt-Gröningen"
  },
  { "link": "http://www.grossalmerode.de" },
  { "link": "http://www.gross-bieberau.de" },
  { "link": "https://www.grossbottwar.de/" },
  { "link": "http://www.vgem-greussen.de/" },
  { "link": "https://www.grossenhain.de/" },
  { "link": "http://www.gross-gerau.de/" },
  { "link": "https://www.grossraeschen.de/" },
  { "link": "http://www.grossroehrsdorf.de/" },
  { "link": "https://www.grossschirma.de/" },
  { "link": "http://www.gross-umstadt.de/" },
  { "link": "http://www.gruenberg.de/" },
  { "link": "http://www.gruenhain-beierfeld.de/" },
  { "link": "http://www.gruensfeld.de/" },
  { "link": "http://www.stadt-gruenstadt.de/" },
  { "link": "https://www.guben.de/" },
  { "link": "http://www.gudensberg.de/" },
  { "link": "http://www.gueglingen.de/" },
  { "link": "https://www.gummersbach.de/" },
  { "link": "http://www.gundelfingen-donau.de/" },
  { "link": "http://www.gundelsheim.de/" },
  { "link": "http://www.guenzburg.de/" },
  { "link": "https://gunzenhausen.de/" },
  { "link": "http://www.guestrow.de/" },
  { "link": "http://www.guetersloh.de/" },
  { "link": "http://www.guetzkow.de/" },
  { "link": "http://www.haan.de/" },
  { "link": "http://www.hachenburg.de/" },
  { "link": "http://www.hadamar.de/" },
  { "link": "https://www.hagen.de/" },
  { "link": "http://www.hagenbach.de/" },
  { "link": "http://www.hagenow.de/" },
  { "link": "http://www.haiger.de/" },
  { "link": "https://www.haigerloch.de/" },
  { "link": "http://www.hainichen.de/" },
  { "link": "https://www.haiterbach.de/" },
  { "link": "https://www.halberstadt.de/" },
  { "link": "http://www.haldensleben.de/" },
  { "link": "http://www.halle.de/" },
  { "link": "http://www.hallewestfalen.de/" },
  { "link": "http://www.stadt-hallenberg.de/" },
  { "link": "http://www.hallstadt.de" },
  { "link": "https://www.haltern-am-see.de/" },
  { "link": "http://www.halver.de/" },
  { "link": "https://www.hamburg.de/" },
  { "link": "https://www.hameln.de/" },
  { "link": "https://www.hamm.de/" },
  { "link": "https://www.hammelburg.de/" },
  { "link": "https://www.hamminkeln.de/" },
  { "link": "http://www.hanau.de/" },
  { "link": "https://www.hannover.de/" },
  { "link": "https://www.hann.muenden.de/" },
  { "link": "http://www.stadt-harburg-schwaben.de/" },
  { "link": "http://www.hardegsen.de/" },
  { "link": "http://www.haren.de/" },
  { "link": "http://www.harsewinkel.de/" },
  { "link": "http://www.stadt-hartenstein.de/" },
  { "link": "http://www.hartha.de/" },
  { "link": "https://www.harzgerode.de/" },
  { "link": "https://www.haseluenne.de/" },
  { "link": "https://www.haslach.de/" },
  { "link": "http://www.hassfurt.de/" },
  { "link": "https://www.hattersheim.de/" },
  { "link": "https://www.hattingen.de/" },
  { "link": "http://www.hatzfeld-eder.de/" },
  { "link": "http://www.hausach.de/" },
  { "link": "https://www.hauzenberg.de/" },
  { "link": "http://www.havelberg.de/" },
  { "link": "https://www.havelsee.de/" },
  { "link": "http://www.hayingen.de/" },
  { "link": "http://www.hechingen.de/" },
  { "link": "http://www.stadt-hecklingen.de/" },
  { "link": "http://www.heide.de" },
  { "link": "http://www.heideck.de/" },
  { "link": "https://www.heidelberg.de/" },
  { "link": "http://www.heidenau.de/" },
  { "link": "https://www.heidenheim.de/" },
  { "link": "http://www.heilbad-heiligenstadt.de/" },
  { "link": "https://www.heilbronn.de/" },
  { "link": "http://www.stadt-heiligenhafen.de/" },
  { "link": "https://www.heiligenhaus.de/" },
  { "link": "http://www.heilsbronn.de/" },
  { "link": "http://www.heimbach-eifel.de" },
  { "link": "https://www.heimsheim.de/" },
  { "link": "http://www.heinsberg.de/" },
  { "link": "https://www.heitersheim.de/" },
  { "link": "http://www.stadt-helmbrechts.de" },
  { "link": "https://www.stadt-helmstedt.de/" },
  { "link": "http://www.hemau.de/" },
  { "link": "https://www.hemer.de/" },
  { "link": "https://www.stadthemmingen.de/" },
  { "link": "http://www.hemmoor.de/" },
  { "link": "http://www.hemsbach.de/" },
  { "link": "https://www.hennef.de/" },
  { "link": "https://www.hennigsdorf.de/" },
  { "link": "https://www.heppenheim.de/" },
  { "link": "http://www.herbolzheim.de/" },
  { "link": "https://www.herborn.de/" },
  { "link": "http://www.herbrechtingen.de/" },
  { "link": "http://www.herbstein.de/" },
  { "link": "http://www.herdecke.de/" },
  { "link": "http://www.herdorf.de/" },
  { "link": "https://www.herford.de/" },
  { "link": "http://www.stadt-heringen.de/" },
  { "link": "https://www.heringen.de/" },
  { "link": "http://www.hermeskeil.de/" },
  { "link": "http://www.hermsdorf-thueringen.de" },
  { "link": "http://www.herne.de/" },
  { "link": "https://herrenberg.de/" },
  { "link": "http://www.herrieden.de/" },
  { "link": "http://www.herrnhut.de/" },
  { "link": "http://www.hersbruck.de/" },
  { "link": "https://www.herten.de/" },
  { "link": "http://www.herzberg.de/" },
  { "link": "https://www.herzberg-elster.de/" },
  { "link": "https://www.herzogenaurach.de/" },
  { "link": "https://www.herzogenrath.de/" },
  { "link": "http://www.hessisch-lichtenau.de/" },
  { "link": "http://www.hessisch-oldendorf.de/" },
  { "link": "http://www.hettingen.de/" },
  { "link": "http://www.hettstedt.de/" },
  { "link": "http://www.heubach.de/" },
  { "link": "http://www.stadt-heusenstamm.de/" },
  { "link": "https://www.hilchenbach.de/" },
  { "link": "https://www.hildburghausen.de/" },
  { "link": "https://www.hilden.de/" },
  { "link": "https://www.hildesheim.de/" },
  { "link": "http://www.hillesheim.de/" },
  { "link": "http://www.hilpoltstein.de/" },
  { "link": "http://www.hirschau.de/" },
  { "link": "http://www.stadt-hirschberg-saale.de/" },
  { "link": "http://www.hitzacker.de/" },
  { "link": "https://www.hochheim.de/" },
  { "link": "https://www.hoechstadt.de/" },
  { "link": "http://www.hoechstaedt.de/" },
  { "link": "https://www.hockenheim.de/" },
  { "link": "https://www.hof.de/" },
  { "link": "https://www.hofgeismar.de/" },
  { "link": "https://www.hofheim.de/" },
  { "link": "http://www.stadt-hofheim.de/" },
  { "link": "http://www.stadt-hohenberg.de/" },
  { "link": "http://www.hohenleuben.de/index.html" },
  { "link": "http://www.stadt-hohenmoelsen.de/" },
  { "link": "https://hohen-neuendorf.de/" },
  { "link": "https://hohenstein-ernstthal.de/" },
  { "link": "http://www.hohnstein.de/" },
  { "link": "https://www.hoehr-grenzhausen.de/" },
  { "link": "http://www.hollfeld.de/" },
  { "link": "https://www.holzgerlingen.de/" },
  { "link": "https://www.holzminden.de/" },
  { "link": "http://www.homberg-efze.eu/" },
  { "link": "http://www.homberg-ohm.de/" },
  { "link": "https://www.homburg.de/" },
  { "link": "https://www.horb.de/" },
  { "link": "http://www.klosterstadt-hornbach.de/" },
  { "link": "http://www.horn-badmeinberg.de/" },
  { "link": "http://www.hornberg.de/" },
  { "link": "https://www.hoerstel.de/" },
  { "link": "https://www.horstmar.de/" },
  { "link": "https://www.hoexter.de/" },
  { "link": "http://www.hoya-weser.de/index.php?id=376" },
  { "link": "https://www.hoyerswerda.de/" },
  { "link": "https://www.hueckelhoven.de/" },
  { "link": "http://www.hueckeswagen.de/" },
  { "link": "https://www.huefingen.de/" },
  { "link": "http://www.huenfeld.de/" },
  { "link": "https://www.hungen.de/" },
  { "link": "https://www.huerth.de/" },
  { "link": "http://www.husum.de/" },
  { "link": "https://www.ibbenbueren.de/" },
  { "link": "http://www.ichenhausen.de/" },
  { "link": "https://www.idar-oberstein.de/" },
  { "link": "https://www.idstein.de/" },
  { "link": "https://www.illertissen.de/" },
  { "link": "http://www.ilmenau.de/" },
  { "link": "http://www.stadt-ilsenburg.de/" },
  { "link": "http://www.ilshofen.de/" },
  { "link": "https://www.immenhausen.de/" },
  { "link": "http://www.stadt-immenstadt.de/" },
  { "link": "http://www.ingelfingen.de/" },
  { "link": "https://www.ingelheim.de/" },
  { "link": "https://www.ingolstadt.de/" },
  { "link": "https://www.iphofen.de/" },
  { "link": "https://www.iserlohn.de/" },
  { "link": "https://www.stadt.isny.de/" },
  { "link": "http://www.isselburg.de/" },
  { "link": "https://www.itzehoe.de/" },
  { "link": "https://www.jarmen.de/gemeinden/stadt-jarmen.html" },
  { "link": "https://www.jena.de/" },
  { "link": "http://www.stadt-jerichow.de/" },
  { "link": "http://www.jessen.de/" },
  { "link": "https://www.stadt-jever.de/" },
  { "link": "http://www.amt-joachimsthal.de/texte/seite.php?id=73163" },
  { "link": "http://www.johanngeorgenstadt.de/" },
  { "link": "https://www.joehstadt.de/" },
  { "link": "http://www.juechen.de/" },
  { "link": "https://www.juelich.de/" },
  { "link": "https://www.jueterbog.eu/" },
  { "link": "http://www.kaarst.de/" },
  { "link": "http://www.kahla.de/" },
  { "link": "http://www.stadt-kaisersesch.de/" },
  { "link": "https://www.kaiserslautern.de/" },
  { "link": "http://www.stadt-kalbe-milde.de/" },
  { "link": "https://www.kalkar.de/" },
  { "link": "http://www.kaltenkirchen.de/" },
  { "link": "http://www.kaltennordheim.de/" },
  { "link": "https://www.stadt-kamen.de/" },
  { "link": "http://www.kamenz.de/" },
  { "link": "https://www.kamp-lintfort.de/" },
  { "link": "http://www.kandel.de/" },
  { "link": "http://www.kandern.de/" },
  { "link": "https://www.kappeln.de/" },
  { "link": "https://www.karben.de/" },
  { "link": "https://www.karlsruhe.de/" },
  { "link": "http://www.karlstadt.de/" },
  { "link": "http://www.kassel.de/" },
  { "link": "http://www.stadt-kastellaun.de/" },
  { "link": "http://www.stadt-katzenelnbogen.de/" },
  { "link": "http://www.stadt-kaub.de/" },
  { "link": "https://www.kaufbeuren.de/" },
  { "link": "http://www.kehl.de/" },
  { "link": "http://www.kelbra.de/" },
  { "link": "https://www.kelheim.de/" },
  { "link": "https://www.kelkheim.de/" },
  { "link": "http://www.kellinghusen.de/" },
  { "link": "https://www.kelsterbach.de/" },
  { "link": "http://www.stadt-kemberg.de//" },
  { "link": "http://www.kemnath.de/" },
  { "link": "https://www.kempen.de/" },
  { "link": "http://www.kempten.de/" },
  { "link": "https://www.kenzingen.de/" },
  { "link": "https://www.stadt-kerpen.de/" },
  { "link": "https://www.ketzin.de/" },
  { "link": "https://www.kevelaer.de/" },
  { "link": "https://www.kiel.de/" },
  { "link": "https://www.kierspe.de/" },
  { "link": "http://www.vg-kindelbrueck.de/" },
  { "link": "http://www.kirchberg.de/" },
  { "link": "http://www.kirchberg-jagst.de/" },
  { "link": "https://www.stadtkirchberg-hunsrueck.de/" },
  { "link": "http://www.stadt-kirchen.de/" },
  { "link": "http://www.kirchenlamitz.de/" },
  { "link": "http://www.kirchhain.de/" },
  { "link": "http://www.kirchheimbolanden.de/" },
  { "link": "https://www.kirchheim-teck.de/" },
  { "link": "https://www.kirn.de/" },
  { "link": "https://www.stadt-kirtorf.de/" },
  { "link": "http://www.kitzingen.info/" },
  { "link": "http://www.kitzscher.de/" },
  { "link": "https://www.kleve.de/" },
  { "link": "http://www.klingenberg-main.de/" },
  { "link": "http://www.klingenthal.de/" },
  { "link": "https://www.stadt-kloetze.de/" },
  { "link": "http://www.kluetz-mv.de/" },
  { "link": "http://www.knittlingen.de/" },
  { "link": "https://www.koblenz.de/" },
  { "link": "https://www.kolbermoor.de/" },
  { "link": "http://www.koelleda.de" },
  { "link": "http://www.stadt-koeln.de/" },
  { "link": "http://www.koenigsberg.de/" },
  { "link": "https://www.koenigsbrueck.de/" },
  { "link": "https://www.koenigsbrunn.de/" },
  { "link": "http://cms.königsee-rottenbach.de/" },
  { "link": "http://www.koenigslutter.de/" },
  { "link": "http://www.koenigstein.de/" },
  { "link": "http://www.koenigstein-sachsen.de/" },
  { "link": "http://www.koenigswinter.de/" },
  { "link": "http://www.koenigs-wusterhausen.de/" },
  { "link": "http://www.stadt-koennern.de/" },
  { "link": "http://www.konstanz.de/" },
  { "link": "http://www.konz.de/" },
  { "link": "http://www.korbach.de/" },
  { "link": "http://www.korntal-muenchingen.de/" },
  { "link": "http://www.kornwestheim.de/" },
  { "link": "http://www.korschenbroich.de/" },
  { "link": "http://www.koethen-anhalt.de/" },
  { "link": "https://www.kraichtal.de/" },
  { "link": "http://www.krakow-am-see.de/" },
  { "link": "http://www.kranichfeld.de/" },
  { "link": "http://www.krautheim.de/" },
  { "link": "https://www.krefeld.de/" },
  { "link": "https://www.kremmen.de/" },
  { "link": "https://www.krempe.de/" },
  { "link": "https://www.kreuztal.de/" },
  { "link": "https://www.kronach.de/" },
  { "link": "https://www.kronberg.de/" },
  { "link": "http://www.kroepelin.de/" },
  {
    "link": "https://www.westlicheboerde.de/Bürger-Gemeinde/Verbandsgemeinde/Reithufenstadt-Kroppenstedt"
  },
  { "link": "https://www.krumbach.de/" },
  { "link": "http://www.stadt-kuehlungsborn.de/" },
  { "link": "http://www.kulmbach.de/" },
  { "link": "http://www.kuelsheim.de/" },
  { "link": "https://www.kuenzelsau.de/" },
  { "link": "https://www.stadt-kupferberg.de/" },
  { "link": "http://www.kuppenheim.de/" },
  { "link": "http://www.stadt.kusel.de/" },
  { "link": "http://www.stadt-kyllburg.de/" },
  { "link": "https://www.kyritz.de/" },
  { "link": "http://www.stadt-laage.de/" },
  { "link": "https://www.laatzen.de/" },
  { "link": "https://www.ladenburg.de/" },
  { "link": "http://www.lage.de/" },
  { "link": "http://www.lahnstein.de/" },
  { "link": "https://www.lahr.de/" },
  { "link": "https://www.laichingen.de/" },
  { "link": "https://www.lambrecht-pfalz.de/" },
  { "link": "https://www.lampertheim.de/" },
  { "link": "https://www.landau-isar.de/" },
  { "link": "http://www.landau.de/" },
  { "link": "http://www.landsberg.de/" },
  { "link": "http://www.stadt-landsberg.de/" },
  { "link": "http://www.landshut.de/" },
  { "link": "http://www.landstuhl.de/" },
  { "link": "http://www.langelsheim.de/" },
  { "link": "https://www.langen.de/" },
  { "link": "https://www.langenau.de/" },
  { "link": "http://www.langenburg.de/" },
  { "link": "http://www.langenfeld.de/" },
  { "link": "http://www.langenhagen.de/" },
  { "link": "http://www.langenselbold.de/" },
  { "link": "http://www.langenzenn.de/" },
  { "link": "http://www.lassan.de" },
  { "link": "http://www.laubach-online.de/" },
  { "link": "http://www.stadt-laucha.de/" },
  { "link": "http://www.lauchhammer.de/" },
  { "link": "http://www.lauchheim.de/" },
  { "link": "http://www.lauda-koenigshofen.de/" },
  { "link": "https://www.lauenburg.de/" },
  { "link": "http://www.lauf.de/" },
  { "link": "https://stadtlaufen.de/" },
  { "link": "http://www.laufenburg.de/" },
  { "link": "https://www.lauffen.de/" },
  { "link": "https://www.lauingen.de/" },
  { "link": "https://www.laupheim.de/" },
  { "link": "http://www.lauscha.de/" },
  { "link": "http://www.lauta.de/" },
  { "link": "http://www.lauter-bernsbach.de/" },
  { "link": "https://www.lauterbach-hessen.de/" },
  { "link": "http://www.lauterecken.de/" },
  { "link": "http://www.lauterstein.de/" },
  { "link": "https://www.lebach.de/" },
  { "link": "http://www.amt-lebus.de/" },
  { "link": "https://www.leer.de/" },
  { "link": "http://www.lehesten.de/" },
  { "link": "http://www.lehrte.de/" },
  { "link": "http://www.leichlingen.de/" },
  { "link": "https://www.leimen.de/" },
  { "link": "http://www.leinefelde-worbis.de/" },
  { "link": "http://www.leinfelden-echterdingen.de/" },
  { "link": "https://www.leipheim.de/" },
  { "link": "https://www.leipzig.de/" },
  { "link": "http://www.leisnig.de/" },
  { "link": "https://www.lemgo.de/" },
  { "link": "http://www.stadt-lengenfeld.de/" },
  { "link": "https://www.lengerich.de/" },
  { "link": "http://www.lennestadt.de/" },
  { "link": "https://www.leonberg.de/" },
  { "link": "http://www.leun.de/" },
  { "link": "http://www.leuna-stadt.de/" },
  { "link": "http://www.leutenberg.de/" },
  { "link": "https://www.leutershausen.de/" },
  { "link": "https://www.leutkirch.de/" },
  { "link": "https://www.leverkusen.de/" },
  { "link": "http://www.lich.de/" },
  { "link": "http://www.lichtenau-baden.de" },
  { "link": "http://www.lichtenau.de/" },
  { "link": "http://www.lichtenberg-oberfranken.de/" },
  { "link": "http://www.lichtenfels.de" },
  { "link": "http://www.stadt-lichtenfels.de/" },
  { "link": "http://www.lichtenstein-sachsen.de/" },
  { "link": "http://www.stadt-liebenau.de" },
  { "link": "http://www.liebenwalde.de/" },
  { "link": "http://www.lieberose-niederlausitz.de/" },
  { "link": "http://www.stadt-liebstadt.de/" },
  { "link": "http://www.limbach-oberfrohna.de/" },
  { "link": "http://www.limburg.de/" },
  { "link": "http://www.lindau.de/" },
  { "link": "https://www.linden.de/" },
  { "link": "http://www.lindenberg.de/" },
  { "link": "http://www.lindenfels.de/" },
  { "link": "http://www.lindow-mark.de/" },
  { "link": "https://www.lingen.de/" },
  { "link": "http://www.linnich.de/" },
  { "link": "http://www.linz.de/" },
  { "link": "http://www.lippstadt.de/" },
  { "link": "http://www.loebau.de/" },
  { "link": "http://www.loeffingen.de/" },
  { "link": "http://www.lohmar.de/" },
  { "link": "https://www.lohne.de/" },
  { "link": "https://www.loehne.de/" },
  { "link": "http://www.lohr.de/" },
  { "link": "http://www.loitz.de/" },
  { "link": "http://www.lollar.de/" },
  { "link": "https://www.lommatzsch.de/" },
  { "link": "https://www.loeningen.de/" },
  { "link": "http://www.stadt-lorch.de/" },
  { "link": "http://www.stadt-lorch-rheingau.de/" },
  { "link": "https://www.loerrach.de/" },
  { "link": "https://lorsch.de/" },
  { "link": "http://www.loessnitz.de/" },
  { "link": "https://www.stadt-loewenstein.de/" },
  { "link": "http://www.luebbecke.de/" },
  { "link": "http://www.luebben.de/" },
  { "link": "https://www.luebbenau-spreewald.de/" },
  { "link": "http://www.luebeck.de/" },
  { "link": "http://www.luebtheen.de/" },
  { "link": "https://www.luebz.de/" },
  { "link": "http://www.luechow-wendland.de" },
  { "link": "https://www.lucka.de/" },
  { "link": "http://www.luckau.de/" },
  { "link": "https://www.luckenwalde.de/" },
  { "link": "https://www.luedenscheid.de/" },
  { "link": "http://www.luedinghausen.de/" },
  { "link": "http://www.ludwigsburg.de/" },
  { "link": "https://www.ludwigsfelde.de/" },
  { "link": "http://www.ludwigshafen.de/" },
  { "link": "http://www.stadtludwigslust.de/" },
  { "link": "http://www.ludwigsstadt.de/" },
  { "link": "http://www.stadt-lugau.de/webs/" },
  { "link": "https://luegde.de/" },
  { "link": "https://www.hansestadtlueneburg.de/" },
  { "link": "https://www.luenen.de/" },
  { "link": "http://www.lunzenau.de/" },
  { "link": "https://www.stadt-luetjenburg.de/" },
  { "link": "http://www.stadt-luetzen.de/" },
  { "link": "http://www.lychen.de/" },
  { "link": "http://www.stadt-magdala.de/" },
  { "link": "https://www.magdeburg.de/" },
  { "link": "https://www.mahlberg.de/" },
  { "link": "https://www.mainbernheim.de/" },
  { "link": "http://www.mainburg.de/" },
  { "link": "https://www.maintal.de/" },
  { "link": "https://www.mainz.de/" },
  { "link": "http://www.amt-malchin-am-kummerower-see.de/" },
  { "link": "https://www.inselstadt-malchow.de/" },
  { "link": "https://www.vg-wittlich-land.de/vg_wittlich_land/" },
  { "link": "https://www.mannheim.de/" },
  { "link": "https://www.mansfeld.eu/" },
  { "link": "http://www.schillerstadt-marbach.de/" },
  { "link": "https://www.marburg.de/" },
  { "link": "https://www.marienberg.de/" },
  { "link": "https://www.marienmuenster.de/" },
  { "link": "https://www.markdorf.de/" },
  { "link": "https://www.markgroeningen.de/" },
  { "link": "https://www.maerkischbuchholz.de/" },
  { "link": "http://www.markkleeberg.de/" },
  { "link": "http://www.markneukirchen.de/" },
  { "link": "https://www.markranstaedt.de/" },
  { "link": "https://www.marktbreit.de/" },
  { "link": "https://www.stadt-marktheidenfeld.de/" },
  { "link": "https://www.marktleuthen.de/" },
  { "link": "https://www.marktoberdorf.de/" },
  { "link": "https://www.marktredwitz.de/" },
  { "link": "http://www.marktsteft.de/" },
  { "link": "http://www.marl.de/" },
  { "link": "http://www.stadtmarlow.de/" },
  { "link": "https://www.amt-marne-nordsee.de/startseite/" },
  { "link": "https://www.marsberg.de/" },
  { "link": "https://www.maulbronn.de/" },
  { "link": "https://www.maxhuette-haidhof.de/" },
  { "link": "http://www.mayen.de/" },
  { "link": "https://www.mechernich.de/" },
  { "link": "http://www.meckenheim.de/" },
  { "link": "http://www.medebach.de/" },
  { "link": "https://www.meerane.de/" },
  { "link": "https://www.meerbusch.de/" },
  { "link": "https://www.meersburg.de/" },
  { "link": "https://www.meinerzhagen.de/" },
  { "link": "http://www.meiningen.de/" },
  { "link": "http://www.stadt-meisenheim.de/" },
  { "link": "https://www.stadt-meissen.de/" },
  { "link": "https://www.meldorf-nordsee.de/" },
  { "link": "https://www.melle.info/" },
  { "link": "http://www.mellrichstadt.de/" },
  { "link": "http://www.melsungen.de/" },
  { "link": "https://www.memmingen.de/" },
  { "link": "http://www.menden.de/" },
  { "link": "https://www.stadt-mendig.de/" },
  { "link": "https://www.mengen.de/" },
  { "link": "https://www.meppen.de/" },
  { "link": "https://www.merkendorf.de/" },
  { "link": "https://www.merseburg.de/" },
  { "link": "http://www.merzig.de/" },
  { "link": "https://www.meschede.de/willkommen-in-meschede/" },
  { "link": "https://www.messkirch.de/" },
  { "link": "https://www.stadt-messstetten.de/intro/" },
  { "link": "https://www.mettmann.de/" },
  { "link": "https://www.metzingen.de/" },
  { "link": "https://www.meuselwitz.de/" },
  { "link": "https://www.michelstadt.de/" },
  { "link": "http://www.miesbach.de/" },
  { "link": "http://www.stadt-miltenberg.de/" },
  { "link": "http://www.mindelheim.de/" },
  { "link": "http://www.minden.de/" },
  { "link": "http://www.amt-mecklenburgische-kleinseenplatte.de/" },
  { "link": "https://www.mittenwalde.de/" },
  { "link": "https://www.mitterteich.de/" },
  { "link": "https://www.mittweida.de/" },
  { "link": "http://www.moeckern-flaeming.de/" },
  { "link": "http://www.moeckmuehl.de/" },
  { "link": "https://www.moers.de/" },
  { "link": "https://www.moelln.de/" },
  { "link": "https://www.moenchengladbach.de/" },
  { "link": "http://www.monheim-bayern.de/" },
  { "link": "https://www.monheim.de/" },
  { "link": "http://www.monschau.de/" },
  { "link": "http://www.montabaur.de/" },
  { "link": "http://www.moosburg.de/" },
  { "link": "http://www.moringen.de/" },
  { "link": "http://www.mosbach.de/" },
  { "link": "http://www.moessingen.de/" },
  { "link": "https://www.muecheln.de/" },
  { "link": "http://www.stadt-muegeln.de/" },
  { "link": "https://www.muehlacker.de/" },
  { "link": "http://www.muehlberg-elbe.de/" },
  { "link": "http://www.muehldorf.de/" },
  { "link": "https://www.muehlhausen.de/" },
  { "link": "https://www.muehlheim.de/" },
  { "link": "http://www.muehlheim-donau.de" },
  { "link": "http://www.muelheim-ruhr.de/" },
  { "link": "http://www.muelheim-kaerlich.de/" },
  { "link": "http://www.muellheim.de/" },
  { "link": "http://www.muellrose.de/" },
  { "link": "https://www.muenchberg.de/" },
  { "link": "http://www.stadt-muencheberg.de/" },
  { "link": "https://www.muenchen.de/" },
  { "link": "https://muenchenbernsdorf.de/" },
  { "link": "https://www.munderkingen.de/" },
  { "link": "http://www.muennerstadt.de/" },
  { "link": "http://www.muensingen.de/" },
  { "link": "http://www.munster.de/" },
  { "link": "https://www.muenster.de/" },
  { "link": "http://www.muenstermaifeld.de/" },
  { "link": "http://www.muenzenberg.de/" },
  { "link": "https://www.murrhardt.de/" },
  { "link": "http://www.vg-nabburg.de/Stadt_Nabburg/" },
  { "link": "https://www.nagold.de/" },
  { "link": "http://www.naila.de/" },
  { "link": "http://www.stadt-nassau.de/" },
  { "link": "https://www.nastaetten.de/sv_nastaetten/Aktuelles/" },
  { "link": "http://www.nauen.de/" },
  { "link": "http://www.naumburg.eu/" },
  { "link": "https://www.naumburg.de/" },
  { "link": "http://www.naunhof.de/" },
  { "link": "https://www.stadt-nebra.de/de/startseite.html" },
  { "link": "https://www.neckarbischofsheim.de/" },
  { "link": "https://www.neckargemuend.de/start" },
  { "link": "http://www.neckarsteinach.com/" },
  { "link": "https://www.neckarsulm.de/" },
  { "link": "https://www.neresheim.de/" },
  { "link": "https://www.netphen.de/" },
  { "link": "https://www.nettetal.de/" },
  { "link": "https://www.netzschkau.de/home/" },
  { "link": "http://www.neu-anspach.de/" },
  { "link": "https://www.neubrandenburg.de/" },
  { "link": "https://www.neubukow.de/" },
  { "link": "http://www.neubulach.de/" },
  { "link": "http://www.neuburg-donau.de/" },
  { "link": "https://www.neudenau.de/de/startseite/" },
  { "link": "https://www.neuenbuerg.de/" },
  { "link": "https://www.neuenburg.de/531379.html" },
  { "link": "https://www.neuenhaus.de/index.php" },
  { "link": "https://www.neuenrade.de/" },
  { "link": "https://www.neuenstadt.de/" },
  { "link": "https://www.neuenstein.de/" },
  { "link": "https://neuerburg-eifel.de/" },
  { "link": "https://www.neuffen.de/" },
  { "link": "https://www.neuhaus-am-rennweg.de/" },
  { "link": "https://neu-isenburg.de/" },
  { "link": "http://www.stadt-neukalen.de/" },
  { "link": "http://www.neukirchen.de/" },
  { "link": "https://www.neukirchen-vluyn.de/" },
  { "link": "http://www.stadt-neukloster.de/" },
  { "link": "https://www.neumarkt.de/" },
  { "link": "https://www.neumarkt-sankt-veit.de/" },
  { "link": "http://www.neumuenster.de/" },
  { "link": "https://www.neunburgvormwald.de/" },
  { "link": "https://www.neunkirchen.de/" },
  { "link": "https://www.neuoetting.de/" },
  { "link": "https://www.neuruppin.de/" },
  { "link": "https://www.neusalza-spremberg.de/" },
  { "link": "https://www.neusaess.de/" },
  { "link": "https://www.neuss.de/" },
  { "link": "https://www.neustadt-am-kulm.de/" },
  { "link": "https://www.neustadt-a-rbge.de/" },
  {
    "link": "https://www.neustadt-aisch.de/seite/de/aischtal/02/WB/Startseite_und_Aktuelles.html"
  },
  { "link": "http://www.neustadt-donau.de/" },
  { "link": "https://www.neustadtanderorla.de/" },
  { "link": "https://www.neustadt-waldnaab.de/" },
  { "link": "https://www.neustadt.eu/" },
  { "link": "https://www.neustadt-bei-coburg.de/" },
  { "link": "http://www.neustadt-dosse.de/" },
  { "link": "https://www.neustadt-glewe.de/" },
  { "link": "https://www.neustadt-hessen.de/" },
  { "link": "https://www.stadt-neustadt.de/" },
  { "link": "https://www.neustadt-sachsen.de/" },
  { "link": "https://www.neustrelitz.de/home" },
  { "link": "https://www.stadt-neutraubling.de/" },
  { "link": "https://nu.neu-ulm.de/" },
  { "link": "https://www.neuwied.de/" },
  { "link": "https://www.nidda.de/sv_nidda/" },
  { "link": "https://www.niddatal.de/" },
  { "link": "https://www.nidderau.de/" },
  { "link": "https://www.nideggen.de/index.php" },
  { "link": "http://www.niebuell.de/" },
  { "link": "https://www.niedenstein.de/" },
  { "link": "https://www.niederkassel.de/" },
  { "link": "http://www.niedernhall.de/" },
  { "link": "https://www.nieder-olm.de/home/" },
  { "link": "https://www.niederstetten.de/" },
  { "link": "http://www.stadt-niederstotzingen.de/de/Home" },
  { "link": "https://www.nieheim.de/" },
  { "link": "http://www.amt-niemegk.de/" },
  { "link": "https://www.stadt-nienburg-saale.de/" },
  { "link": "https://www.nienburg.de/" },
  { "link": "http://www.nierstein.de/" },
  { "link": "https://niesky.de/" },
  { "link": "https://www.nittenau.de/" },
  { "link": "https://www.norden.de/" },
  { "link": "https://www.nordenham.de/" },
  { "link": "https://www.stadt-norderney.de/" },
  { "link": "https://www.norderstedt.de/" },
  { "link": "https://www.nordhausen.de/" },
  { "link": "https://www.nordhorn.de/" },
  { "link": "https://www.noerdlingen.de/" },
  { "link": "https://www.northeim.de/" },
  { "link": "https://www.amt-nortorfer-land.de/unsere-gemeinden/nortorf.html" },
  { "link": "http://www.nossen.de/" },
  { "link": "https://www.nuernberg.de/" },
  { "link": "https://www.nuertingen.de/" },
  { "link": "https://www.oberasbach.de/" },
  { "link": "http://www.oberharzstadt.de/" },
  { "link": "https://www.oberhausen.de/" },
  { "link": "https://www.oberhof.de/" },
  { "link": "https://www.oberkirch.de/" },
  { "link": "https://www.oberkochen.de/de/Home" },
  { "link": "http://www.oberlungwitz.de/" },
  { "link": "http://www.obermoschel.de/" },
  { "link": "https://www.obernburg.de/" },
  { "link": "https://www.oberndorf.de/" },
  { "link": "http://www.obernkirchen.de/" },
  { "link": "http://www.ober-ramstadt.de/" },
  { "link": "http://www.oberriexingen.de" },
  { "link": "https://www.obertshausen.de/de/startseite.html/" },
  { "link": "https://www.oberursel.de/de/" },
  { "link": "https://www.oberviechtach.de/" },
  { "link": "https://www.oberwesel.de/startseite/" },
  { "link": "http://www.oberwiesenthal.de/" },
  { "link": "https://www.oberzent.info/" },
  { "link": "https://www.ochsenfurt.de/" },
  { "link": "https://www.ochsenhausen.de/" },
  { "link": "https://www.ochtrup.de/" },
  { "link": "https://britz-chorin-oderberg.de/thema/gemeinden/oderberg" },
  { "link": "http://stadt-oebisfelde-weferlingen.de/" },
  { "link": "https://www.oederan.de/" },
  { "link": "https://www.oelde.de/page.php" },
  { "link": "http://www.oelsnitz-erzgeb.de/" },
  { "link": "https://www.oelsnitz.de/home.html" },
  { "link": "https://www.oer-erkenschwick.de/" },
  { "link": "https://www.oerlinghausen.de/de/index.php" },
  { "link": "https://www.oestrich-winkel.de/" },
  { "link": "https://www.oettingen.de/homepage" },
  { "link": "https://www.offenbach.de/" },
  { "link": "https://www.offenburg.de/" },
  { "link": "https://www.ohrdruf.de/" },
  { "link": "https://www.oehringen.de/home.html" },
  { "link": "https://www.olbernhau.de/" },
  { "link": "https://www.olching.de/" },
  { "link": "https://www.oldenburg.de/" },
  { "link": "https://oldenburg-holstein.de/" },
  { "link": "https://www.olfen.de/" },
  { "link": "https://www.olpe.de/" },
  { "link": "http://www.olsberg.de/" },
  { "link": "https://www.oppenau.de/startseite.html" },
  { "link": "http://www.stadt-oppenheim.de/" },
  { "link": "https://www.oranienbaum-woerlitz.de/" },
  { "link": "https://www.oranienburg.de/" },
  { "link": "http://www.vg-suedliches-saaletal.de/" },
  { "link": "https://www.ornbau.de/" },
  { "link": "https://www.ortenberg.net/" },
  { "link": "http://www.stadt-ortrand.de/" },
  { "link": "https://www.oschatz.org/" },
  { "link": "https://www.oscherslebenbode.de/" },
  { "link": "https://www.osnabrueck.de/" },
  { "link": "https://www.osterburg.de/" },
  { "link": "https://www.osterburken.de/" },
  { "link": "http://www.vgem-wethautal.de/?id=104262001459" },
  { "link": "https://www.osterhofen.net/" },
  { "link": "https://www.osterholz-scharmbeck.de/" },
  { "link": "https://www.osterode.de/" },
  { "link": "https://www.stadt-osterwieck.de/" },
  { "link": "http://www.ostfildern.de/" },
  { "link": "https://www.ostheim.de/" },
  { "link": "https://www.osthofen.de/" },
  { "link": "https://www.oestringen.de/" },
  { "link": "http://www.ostritz.de" },
  { "link": "http://www.otterberg.de/" },
  { "link": "http://www.otterndorf.de/" },
  { "link": "https://www.ottweiler.de/rathaus/index.php" },
  { "link": "https://www.overath.de/" },
  { "link": "http://www.owen.de/" },
  { "link": "https://www.paderborn.de/" },
  { "link": "https://www.papenburg.de/" },
  { "link": "https://pappenheim.de/" },
  { "link": "http://www.parchim.de/" },
  { "link": "https://www.parsberg.de/" },
  { "link": "http://www.pasewalk.de/" },
  { "link": "https://www.passau.de/" },
  { "link": "https://www.pattensen.de/" },
  { "link": "http://www.stadt-pausa-muehltroff.de/" },
  { "link": "https://www.stadt-pegau.de/" },
  { "link": "https://www.pegnitz.de/" },
  { "link": "https://www.peine01.de/de/index.php" },
  { "link": "http://www.peitz.de/" },
  { "link": "https://www.penig.de/" },
  { "link": "http://www.penkun.de/" },
  { "link": "https://www.penzberg.de/" },
  {
    "link": "http://www.amt-penzliner-land.de/Amt-Penzliner-Land/Gemeinden/Stadt-Penzlin"
  },
  { "link": "https://www.stadt-perleberg.de/" },
  { "link": "https://www.petershagen.de/" },
  { "link": "https://www.pfaffenhofen.de/" },
  { "link": "https://pfarrkirchen.de/" },
  { "link": "https://www.pforzheim.de/" },
  { "link": "https://www.pfreimd.de/" },
  { "link": "https://www.pfullendorf.de/stadt/index.php" },
  { "link": "https://www.pfullingen.de/" },
  { "link": "https://www.pfungstadt.de/" },
  { "link": "https://www.philippsburg.de/" },
  { "link": "https://www.pinneberg.de/" },
  { "link": "http://www.pirmasens.de/" },
  { "link": "https://www.pirna.de/" },
  { "link": "https://www.plattling.de/" },
  { "link": "http://www.stadt-plau-am-see.de/" },
  { "link": "http://www.stadt-plaue.de/" },
  { "link": "https://www.plauen.de/" },
  { "link": "http://www.plettenberg.de/" },
  { "link": "https://www.pleystein.de/" },
  { "link": "http://www.plochingen.de/" },
  { "link": "https://www.ploen.de/" },
  { "link": "https://www.pockau-lengefeld.de/" },
  { "link": "https://www.pocking.de/" },
  { "link": "http://www.pohlheim.de" },
  { "link": "http://www.polch.de/" },
  { "link": "https://www.portawestfalica.de/" },
  { "link": "https://www.poessneck.de/de/" },
  { "link": "https://www.potsdam.de/" },
  { "link": "https://www.pottenstein.de/index.php" },
  { "link": "https://www.preetz.de/" },
  { "link": "https://www.premnitz.de/" },
  { "link": "https://www.prenzlau.eu/" },
  { "link": "https://pressath.de/" },
  { "link": "https://www.preussischoldendorf.de/" },
  { "link": "https://www.prichsenstadt.de/" },
  { "link": "https://www.pritzwalk.de/" },
  { "link": "https://www.pruem.de/" },
  { "link": "https://www.puchheim.de/" },
  { "link": "https://www.pulheim.de/" },
  { "link": "https://www.pulsnitz.de/pulsnitz/idx.asp" },
  { "link": "http://www.putbus.de/" },
  { "link": "http://www.putlitz.de/" },
  { "link": "https://www.puettlingen.de/" },
  {
    "link": "https://www.artland.de/staticsite/staticsite.php?menuid=2141&topmenu=1868"
  },
  { "link": "http://www.quedlinburg.de/" },
  { "link": "https://www.querfurt.de/" },
  { "link": "http://www.quickborn.de/" },
  { "link": "http://www.rabenau.net/" },
  {
    "link": "https://www.radeberg.de/inhalte/radeberg/_inhalt/startseite/startseite"
  },
  { "link": "https://www.radebeul.de/" },
  { "link": "http://www.radeburg.de/" },
  { "link": "http://www.radevormwald.de/" },
  { "link": "https://www.radolfzell.de/" },
  { "link": "https://www.raguhn-jessnitz.de/" },
  { "link": "http://www.rahden.de/" },
  { "link": "https://www.rain.de/" },
  { "link": "http://www.ramstein-miesenbach.de/" },
  { "link": "http://www.stadt-ranis.de/" },
  { "link": "https://www.ransbach-baumbach.de/" },
  { "link": "https://www.rastatt.de/" },
  { "link": "http://rastenberg.info/" },
  { "link": "https://www.rathenow.de/" },
  { "link": "http://www.stadt-ratingen.de/" },
  { "link": "https://www.ratzeburg.de/" },
  { "link": "https://www.rauenberg.de/de/startseite/" },
  { "link": "https://www.raunheim.de/" },
  { "link": "https://www.rauschenberg.de/" },
  { "link": "https://www.ravensburg.de/" },
  { "link": "http://www.ravenstein.de/" },
  { "link": "https://www.recklinghausen.de/" },
  { "link": "https://www.stadt-rees.de/" },
  { "link": "https://www.regen.de/" },
  { "link": "https://www.regensburg.de/" },
  { "link": "http://www.regis-breitingen.de/" },
  { "link": "https://www.stadt-rehau.de/sv_rehau/" },
  { "link": "http://www.rehburg-loccum.de/" },
  { "link": "https://www.stadtrehna.de/" },
  { "link": "https://www.stadt-reichelsheim.de/" },
  { "link": "https://www.reichenbach-vogtland.de/" },
  { "link": "https://www.reichenbach-ol.de/reichenbach/idx.asp" },
  { "link": "https://www.reinbek.de/" },
  { "link": "http://www.reinfeld.de/" },
  { "link": "https://www.reinheim.de/" },
  { "link": "https://www.remagen.de/" },
  { "link": "https://remscheid.de/" },
  { "link": "https://www.stadt-remseck.de/willkommen" },
  { "link": "https://www.renchen.de/" },
  { "link": "https://www.rendsburg.de/" },
  { "link": "http://www.stadt-rennerod.de/" },
  { "link": "https://www.renningen.de/" },
  { "link": "https://www.rerik.de/" },
  { "link": "http://www.rethem.de/" },
  { "link": "https://www.reutlingen.de/" },
  { "link": "https://www.rheda-wiedenbrueck.de/" },
  { "link": "https://www.rhede.de/" },
  { "link": "https://www.rheinau.de/" },
  { "link": "http://www.rheinbach.de/" },
  { "link": "https://www.rheinberg.de/" },
  { "link": "https://www.rheinboellen.info/" },
  { "link": "https://www.rheine.de/" },
  { "link": "https://www.rheinfelden.de/willkommen" },
  { "link": "https://www.rheinsberg.de/" },
  { "link": "https://www.rheinstetten.de/" },
  { "link": "http://rhens.welterbe-mittelrhein.de/" },
  { "link": "http://www.rhinow.de/" },
  { "link": "https://www.ribnitz-damgarten.de/" },
  { "link": "https://www.amt-franzburg-richtenberg.de/" },
  { "link": "https://riedenburg.de/" },
  { "link": "http://www.riedlingen.de/" },
  { "link": "https://www.riedstadt.de/" },
  { "link": "https://www.rieneck.de/" },
  { "link": "https://www.riesa.de/deu/" },
  { "link": "https://www.rietberg.de/" },
  { "link": "https://www.rinteln.de/" },
  { "link": "https://www.stadt-roebel.de/" },
  { "link": "https://www.rochlitz.de/" },
  { "link": "http://www.rockenhausen.de/" },
  { "link": "http://www.stadt-rodalben.de/" },
  { "link": "http://www.roedental.de/" },
  { "link": "https://roedermark.de/" },
  { "link": "https://www.rodewisch.de/" },
  { "link": "https://www.rodgau.de/" },
  { "link": "https://www.roding.de/" },
  { "link": "https://www.stadt-roemhild.de/" },
  { "link": "https://www.romrod.de/" },
  { "link": "https://ronneburg.de/" },
  { "link": "https://www.ronnenberg.de/" },
  { "link": "https://www.rosbach-hessen.de/" },
  { "link": "https://www.rosenfeld.de/" },
  { "link": "https://www.rosenheim.de/" },
  { "link": "https://www.rosenthaler.de/" },
  { "link": "https://www.roesrath.de/" },
  { "link": "http://www.rosswein.de/" },
  {
    "link": "http://rathaus.rostock.de/sixcms/detail.php?template=seite_startseite_de"
  },
  { "link": "http://www.rotenburg.de/" },
  { "link": "https://www.rotenburg-wuemme.de/" },
  { "link": "https://www.stadt-roth.de/" },
  { "link": "http://www.roetha.de/" },
  { "link": "https://www.roethenbach.de/" },
  { "link": "https://www.rothenburg-ol.de/start/index.html" },
  { "link": "https://www.rothenburg.de/" },
  { "link": "http://www.rothenfels.de/" },
  { "link": "https://www.rottenburg.de/" },
  { "link": "https://www.rottenburg-laaber.de/" },
  { "link": "http://www.roettingen.de/" },
  { "link": "https://www.rottweil.de/" },
  { "link": "https://www.roetz.de/" },
  { "link": "https://stadt.ruedesheim.de/" },
  { "link": "https://www.rudolstadt.de/" },
  { "link": "http://www.ruhla.de/" },
  { "link": "http://www.stadtruhland.de/" },
  { "link": "https://www.runkel-lahn.de/" },
  { "link": "https://www.ruesselsheim.de" },
  { "link": "http://www.rutesheim.de/" },
  { "link": "http://www.ruethen.de/" },
  { "link": "http://www.saalburg-ebersdorf.de/" },
  { "link": "https://www.saalfeld.de/" },
  { "link": "http://www.saarbruecken.de/" },
  { "link": "http://www.saarburg.eu/" },
  { "link": "https://www.saarlouis.de/" },
  { "link": "http://www.sachsenhagen.de/" },
  { "link": "https://www.sachsenheim.de/" },
  { "link": "https://www.salzgitter.de/" },
  { "link": "http://www.salzkotten.de/" },
  { "link": "http://www.salzwedel.de/" },
  { "link": "https://sandau.de/" },
  { "link": "https://www.sandersdorf-brehna.de/" },
  { "link": "http://www.sangerhausen.de/" },
  { "link": "http://www.sankt-augustin.de/" },
  { "link": "https://www.st-goar.de/" },
  { "link": "https://www.sankt-goarshausen.de/" },
  { "link": "https://www.sarstedt.de/" },
  { "link": "https://www.sassenberg.de/" },
  { "link": "https://www.sassnitz.de/" },
  { "link": "https://www.sayda.eu/" },
  { "link": "https://www.schalkau.de/" },
  { "link": "http://www.schauenstein.de/" },
  { "link": "http://www.stadt-scheer.de/" },
  { "link": "https://www.scheibenberg.de/index.phtml" },
  { "link": "https://www.stadt-scheinfeld.de/" },
  { "link": "http://www.schelklingen.de/" },
  { "link": "https://www.stadt-schenefeld.de" },
  { "link": "http://www.schesslitz.de" },
  { "link": "http://www.schieder-schwalenberg.de/" },
  { "link": "https://www.schifferstadt.de/" },
  { "link": "http://www.schillingsfuerst.de/" },
  { "link": "https://www.schiltach.de/" },
  { "link": "http://www.stadt-schirgiswalde-kirschau.de" },
  { "link": "http://www.schkeuditz.de/" },
  { "link": "http://www.schkoelen.de/" },
  { "link": "https://www.schleiden.de/" },
  { "link": "https://www.schleiz.de/" },
  { "link": "http://www.schleswig.de/" },
  { "link": "https://www.schlettau.de/" },
  { "link": "https://www.schleusingen.de/" },
  { "link": "https://www.amt-schlieben.de/" },
  { "link": "https://www.schlitz.de/" },
  { "link": "http://www.schloss-holte-stukenbrock.de/" },
  { "link": "http://www.vg-schlotheim.de/" },
  { "link": "http://www.schluechtern.de/" },
  { "link": "https://www.schluesselfeld.de/" },
  { "link": "http://www.schmalkalden.de/" },
  { "link": "http://www.schmallenberg.de/" },
  { "link": "https://www.schmoelln.de/" },
  { "link": "http://www.gartow.de/" },
  { "link": "https://www.schnaittenbach.de/" },
  { "link": "http://schneeberg.de/index.asp" },
  { "link": "https://www.schneverdingen.de/desktopdefault.aspx" },
  { "link": "https://www.stadt-schoemberg.de/startseite/" },
  { "link": "https://www.stadt-schoenau.de/pb/,Lde/262387.html" },
  { "link": "https://www.schoenau-im-schwarzwald.de/pb/,Lde/505228.html" },
  { "link": "http://stadt-schoenberg.de/" },
  { "link": "http://www.schoenebeck.de/" },
  { "link": "https://www.stadt-schoeneck.de/index.html" },
  { "link": "http://www.schoenewalde.de/" },
  { "link": "https://www.schongau.de" },
  { "link": "https://www.schoeningen.de/" },
  { "link": "http://www.vg-schoensee.de/" },
  { "link": "https://stadtschoenwald.de/" },
  { "link": "https://www.schopfheim.de/" },
  { "link": "https://www.schorndorf.de/" },
  { "link": "https://www.schortens.de/" },
  { "link": "http://www.schotten.de/" },
  { "link": "https://www.schramberg.de/" },
  { "link": "http://www.stadt-schraplau.de/" },
  { "link": "https://www.schriesheim.de/" },
  { "link": "https://www.schrobenhausen.de/" },
  { "link": "https://www.stadt-schrozberg.de/" },
  { "link": "http://www.schuettorf.de/" },
  { "link": "https://www.schwaan.de/" },
  { "link": "https://www.schwabach.de/" },
  { "link": "https://www.schwaebisch-gmuend.de/" },
  { "link": "http://www.schwaebischhall.de/" },
  { "link": "https://www.schwabmuenchen.de/" },
  { "link": "https://www.schwaigern.de/" },
  { "link": "https://www.schwalbach.de/" },
  { "link": "https://www.schwalmstadt.de/" },
  { "link": "https://www.schwandorf.de/" },
  { "link": "http://www.vorharz.net/" },
  { "link": "http://www.stadt-schwarzatal.com" },
  { "link": "http://www.schwarzenbach-wald.de" },
  { "link": "https://www.schwarzenbach-saale.de/index.asp" },
  { "link": "https://www.schwarzenbek.de/startseite.phtml" },
  { "link": "https://www.schwarzenberg.de/schwarzenberg/" },
  { "link": "http://www.schwarzenborn.de" },
  { "link": "http://www.stadt-schwarzheide.de/" },
  { "link": "http://www.schwedt.eu/" },
  { "link": "https://www.stadt-schweich.de/" },
  { "link": "https://www.schweinfurt.de/" },
  { "link": "https://www.schwelm.de/" },
  { "link": "https://www.schwentinental.de/" },
  { "link": "https://www.schwerin.de/" },
  { "link": "https://www.schwerte.de/" },
  { "link": "https://www.schwetzingen.de" },
  { "link": "http://www.sebnitz.de/" },
  { "link": "https://www.seehausen-altmark.de/" },
  { "link": "http://www.stadt-seeland.de/" },
  { "link": "https://www.seelow.de/" },
  { "link": "https://www.seelze.de/" },
  { "link": "http://www.stadtverwaltung-seesen.de/" },
  { "link": "https://www.sehnde.de/" },
  { "link": "https://www.seifhennersdorf.de/" },
  { "link": "https://www.selb.de/" },
  { "link": "https://www.selbitz.de/" },
  { "link": "https://www.seligenstadt.de/" },
  { "link": "https://www.selm.de/" },
  { "link": "http://www.stadt-selters.de/" },
  { "link": "https://www.stadt-senden.de/" },
  { "link": "http://www.sendenhorst.de/" },
  { "link": "https://www.senftenberg.de/" },
  { "link": "https://www.sesslach.de/" },
  { "link": "https://www.siegburg.de/" },
  { "link": "https://www.siegen.de/" },
  { "link": "http://www.sigmaringen.de/" },
  { "link": "http://www.simbach.de/" },
  { "link": "https://www.simmern.de/" },
  { "link": "https://www.sindelfingen.de/" },
  { "link": "https://www.in-singen.de/" },
  { "link": "https://www.sinsheim.de/" },
  { "link": "https://www.sinzig.de/" },
  { "link": "https://www.soest.de/" },
  { "link": "https://www.solingen.de/" },
  { "link": "https://www.solms.de/" },
  { "link": "https://www.soltau.de/" },
  { "link": "http://www.soemmerda.de/" },
  { "link": "https://www.sondershausen.de/de/" },
  { "link": "https://www.sonneberg.de/" },
  { "link": "http://www.stadt-sonnewalde.de/" },
  { "link": "https://www.stadt-sonthofen.de/" },
  { "link": "https://www.sontra.de/" },
  { "link": "https://www.spaichingen.de/" },
  { "link": "http://www.spalt.de/" },
  { "link": "http://www.spangenberg.de/" },
  { "link": "https://www.vg-speicher.de/" },
  { "link": "http://www.spenge.de/" },
  { "link": "https://www.speyer.de/sv_speyer/de/Startseite/" },
  { "link": "https://spremberg.de/home" },
  { "link": "https://www.springe.de/" },
  { "link": "https://www.sprockhoevel.de/" },
  { "link": "http://www.stade.de/" },
  { "link": "https://www.stadtallendorf.de/" },
  { "link": "https://www.stadtbergen.de/" },
  { "link": "https://www.stadthagen.de/" },
  { "link": "http://www.stadtilm.de/" },
  { "link": "https://www.stadtlohn.de/" },
  { "link": "http://www.eschershausen-stadtoldendorf.de/" },
  { "link": "https://www.stadtprozelten.de/" },
  { "link": "http://www.stadtroda.de/" },
  { "link": "https://www.stadtsteinach.de/" },
  { "link": "https://www.wehlen-online.de/" },
  { "link": "https://www.starnberg.de/" },
  { "link": "https://www.stassfurt.de/" },
  { "link": "https://www.staufen.de/" },
  { "link": "https://www.staufenberg.de" },
  { "link": "http://www.reuterstadtstavenhagen.de/cms/index.php" },
  { "link": "https://www.stblasien.de/" },
  { "link": "https://www.stadt-stein.de/" },
  { "link": "http://www.steinach-thueringen.de/" },
  { "link": "https://www.steinau.eu/" },
  { "link": "http://www.steinbach-hallenberg.de/" },
  { "link": "http://www.stadt-steinbach.de/" },
  { "link": "http://www.steinfurt.de/" },
  { "link": "https://www.steinheim.de/" },
  { "link": "http://www.stadt-steinheim.de/" },
  { "link": "https://www.stendal.de/" },
  { "link": "https://www.stadt-sternberg.de/" },
  { "link": "http://www.st-ingbert.de/" },
  { "link": "https://www.st-georgen.de/" },
  { "link": "https://www.stockach.de/" },
  { "link": "https://www.stolberg.de/" },
  {
    "link": "https://www.stollberg-erzgebirge.de/inhalte/stollberg/_inhalt/startseite/startseite"
  },
  { "link": "https://www.stolpen.de/" },
  { "link": "https://www.storkow-mark.de/" },
  { "link": "http://www.vgem-wethautal.de/?id=104262001521" },
  { "link": "https://www.straelen.de/" },
  { "link": "https://www.stralsund.de/" },
  { "link": "https://www.strasburg.de/" },
  { "link": "http://www.straubing.de/" },
  { "link": "https://www.stadt-strausberg.de/" },
  { "link": "http://www.strehla.de/" },
  { "link": "http://www.stadt-stromberg.de/" },
  { "link": "https://www.stuehlingen.de/" },
  { "link": "https://www.stutensee.de/" },
  { "link": "//www.stuttgart.de/" },
  { "link": "https://www.sankt-wendel.de" },
  { "link": "http://www.suedliches-anhalt.de/" },
  { "link": "https://www.suhltrifft.de/" },
  { "link": "https://www.sulingen.de/" },
  { "link": "http://www.sulz.de/" },
  { "link": "https://www.stadt-sulzbach.de/" },
  { "link": "https://www.suro.city/" },
  { "link": "http://www.sulzburg.de" },
  { "link": "http://www.sundern.de/" },
  { "link": "https://www.suessen.de/" },
  { "link": "https://www.syke.de/" },
  { "link": "https://www.tambach-dietharz.de/" },
  { "link": "http://www.tangerhuette.de/de/" },
  { "link": "https://www.tangermuende.de/" },
  { "link": "http://www.tann-rhoen.de/" },
  { "link": "http://www.stadt-tanna.de/" },
  { "link": "https://www.tauberbischofsheim.de/,Lde/351402.html" },
  { "link": "https://taucha.de/" },
  { "link": "https://www.taunusstein.de/" },
  { "link": "https://www.tecklenburg.de/" },
  { "link": "http://stadt.tegernsee.de/de/startseite/#/de/startseite/#" },
  { "link": "http://www.telgte.de/" },
  { "link": "https://www.teltow.de/" },
  { "link": "http://www.templin.de/" },
  { "link": "https://www.tengen.de/pb/1974247.html" },
  { "link": "http://stadt-tessin.de/" },
  { "link": "https://www.teterow.de/" },
  { "link": "http://www.tettnang.de/" },
  { "link": "http://www.teublitz.de/" },
  { "link": "http://www.stadt-teuchern.de/" },
  { "link": "http://www.teupitz.de/" },
  { "link": "http://www.teuschnitz.de/" },
  { "link": "http://www.bodetal.de/" },
  { "link": "https://www.thalheim-erzgeb.de/" },
  { "link": "https://www.thannhausen.de/" },
  { "link": "https://www.tharandt.de/" },
  { "link": "https://www.themar.de/" },
  { "link": "http://www.stadt-thum.de/" },
  { "link": "http://www.stadt-tirschenreuth.de/" },
  { "link": "https://www.titisee-neustadt.de/" },
  { "link": "https://www.tittmoning.de/" },
  { "link": "https://todtnau.de/" },
  { "link": "https://www.toeging.de/" },
  { "link": "http://www.toenisvorst.de/" },
  { "link": "https://www.toenning.de/index.php/toenning-startseite.html" },
  { "link": "http://www.torgau.eu/" },
  { "link": "http://www.torgelow.de/" },
  { "link": "http://www.tornesch.de/" },
  { "link": "https://www.traben-trarbach.de/" },
  { "link": "http://www.traunreut.de/" },
  { "link": "https://www.traunstein.de/" },
  { "link": "http://www.stadt-trebbin.de/" },
  { "link": "http://www.trebsen.de/" },
  { "link": "http://www.treffurt.de/" },
  { "link": "https://www.trendelburg.de/" },
  { "link": "https://www.treuchtlingen.de/" },
  { "link": "http://www.treuen.de/" },
  { "link": "https://www.treuenbrietzen.de/front_content.php" },
  { "link": "http://www.triberg.de/" },
  { "link": "http://www.stadt-tribsees.de/" },
  { "link": "https://www.trier.de/" },
  { "link": "https://www.triptis.de/" },
  { "link": "http://www.trochtelfingen.de/" },
  { "link": "http://www.troisdorf.de/" },
  { "link": "http://www.trossingen.de/" },
  { "link": "https://www.stadt-trostberg.de/" },
  { "link": "https://www.tuebingen.de/" },
  { "link": "https://www.tuttlingen.de/" },
  { "link": "http://www.twistringen.de/" },
  { "link": "https://www.uebach-palenberg.de/" },
  { "link": "http://www.ueberlingen.de/" },
  { "link": "http://www.uebigau-wahrenbrueck.de/" },
  { "link": "http://www.ueckermuende.de/" },
  { "link": "https://www.hansestadt-uelzen.de/" },
  { "link": "https://www.uetersen.de/" },
  { "link": "https://www.uffenheim.de/" },
  { "link": "https://www.uhingen.de/" },
  { "link": "http://www.ulm.de/" },
  { "link": "https://www.stadt-ulmen.de/" },
  { "link": "http://www.ulrichstein.de/" },
  { "link": "http://www.ummerstadt.de/" },
  { "link": "http://www.unkel-kulturstadt.de/" },
  { "link": "http://www.unna.de/" },
  { "link": "https://www.unterschleissheim.de/" },
  { "link": "https://www.stadtinfo-usedom.de/" },
  { "link": "http://www.usingen.de/" },
  { "link": "https://www.uslar.de/" },
  { "link": "http://www.vacha.de/" },
  { "link": "http://www.vaihingen.de/" },
  { "link": "http://www.vallendar-rhein.de/" },
  { "link": "https://www.varel.de/" },
  { "link": "http://www.vechta.de/" },
  { "link": "https://www.velbert.de/" },
  { "link": "http://www.velburg.de/" },
  { "link": "http://www.velden.de/" },
  { "link": "http://www.vellberg.de/" },
  { "link": "https://www.velen.de/" },
  { "link": "https://www.vellmar.de/" },
  { "link": "https://www.velten.de/cms/" },
  { "link": "https://www.verden.de/" },
  { "link": "https://www.veringenstadt.de/" },
  { "link": "https://www.verl.de/" },
  { "link": "https://www.versmold.de/" },
  { "link": "http://www.vetschau.de/" },
  { "link": "https://www.viechtach.de/" },
  { "link": "http://www.viernheim.de/" },
  { "link": "https://www.viersen.de/" },
  { "link": "https://www.villingen-schwenningen.de/" },
  { "link": "https://www.vilsbiburg.de/index.php?id=0,1" },
  { "link": "https://www.vilseck.de/" },
  { "link": "https://www.vilshofen.de/" },
  { "link": "http://www.visselhoevede.de/" },
  { "link": "https://www.vlotho.de/" },
  { "link": "https://www.voerde.de/" },
  { "link": "https://www.vogtsburg.de/" },
  { "link": "http://www.vohburg.de/" },
  { "link": "http://www.vohenstrauss.de" },
  { "link": "http://www.voehrenbach.de/" },
  { "link": "https://www.voehringen.de" },
  { "link": "https://www.volkach.de/" },
  { "link": "https://www.voelklingen.de/" },
  { "link": "http://www.volkmarsen.de/" },
  { "link": "https://www.vreden.de/" },
  { "link": "http://www.wachenheim.de/" },
  { "link": "https://www.waechtersbach-online.de/" },
  { "link": "http://ssl.wadern.de/" },
  { "link": "http://www.waghaeusel.de/" },
  { "link": "http://www.wahlstedt.de/" },
  { "link": "https://www.waiblingen.de/" },
  { "link": "http://www.waibstadt.de/" },
  { "link": "http://www.waischenfeld.de/" },
  { "link": "https://waldbroel.de/" },
  { "link": "https://www.waldeck-stadt.de/" },
  { "link": "https://www.waldenbuch.de/start" },
  { "link": "https://www.waldenburg.de/" },
  { "link": "https://www.waldenburg-hohenlohe.de/" },
  { "link": "http://www.waldershof.de/" },
  { "link": "http://www.stadt-waldheim.de/" },
  { "link": "http://www.waldkappel.de/" },
  { "link": "http://www.stadt-waldkirch.de/" },
  { "link": "https://waldkirchen.de/" },
  { "link": "http://www.waldkraiburg.de/" },
  { "link": "http://www.waldmuenchen.de/" },
  { "link": "http://www.waldsassen.de/" },
  { "link": "http://www.waldshut-tiengen.de/" },
  { "link": "http://www.walldorf.de/" },
  { "link": "https://www.wallduern.de/" },
  { "link": "http://www.wallenfels.de/" },
  { "link": "http://www.walsrode.de/" },
  { "link": "http://www.waltershausen.de/" },
  { "link": "https://www.waltrop.de/" },
  { "link": "http://www.wanfried.de/" },
  { "link": "http://www.wangen.de/" },
  { "link": "http://www.wanzleben-boerde.de/" },
  { "link": "https://www.warburg.de/" },
  { "link": "https://www.waren-mueritz.de/" },
  { "link": "https://www.warendorf.de/" },
  { "link": "https://www.stadt-warin.eu/" },
  { "link": "http://www.warstein.de/" },
  { "link": "https://www.wassenberg.de/" },
  { "link": "http://www.wasserburg.de/" },
  { "link": "http://www.wassertruedingen.de/" },
  { "link": "http://www.wasungen.de/" },
  { "link": "https://www.wedel.de/" },
  { "link": "https://www.weener.de/" },
  { "link": "https://www.wegberg.de/" },
  { "link": "http://www.vorharz.net/de/wegeleben.html" },
  { "link": "http://www.wehr.de/" },
  { "link": "https://www.weida.de/" },
  { "link": "https://www.weiden.de/" },
  { "link": "https://www.weikersheim.de/" },
  { "link": "http://www.weil-am-rhein.de/" },
  { "link": "http://www.weilburg.de" },
  { "link": "https://www.weil-der-stadt.de/" },
  { "link": "http://www.weilheim-teck.de/" },
  { "link": "http://www.weilheim.de/" },
  { "link": "https://www.weimar.de/" },
  { "link": "https://www.weingarten-online.de/" },
  { "link": "http://www.weinheim.de/" },
  { "link": "http://www.weinsberg.de/" },
  { "link": "https://www.weinstadt.de/" },
  { "link": "https://www.stadt-weismain.de/" },
  { "link": "http://www.stadt-weissenberg.de/" },
  { "link": "https://www.weissenburg.de/" },
  { "link": "https://www.weissenfels.de/" },
  { "link": "http://www.weissenhorn.de" },
  { "link": "https://www.weissensee.de/" },
  { "link": "https://www.weissenstadt.de/" },
  { "link": "http://www.weissenthurm.de/" },
  { "link": "http://www.weisswasser.de/" },
  { "link": "http://www.weiterstadt.de/" },
  { "link": "https://www.welzheim.de/Default.aspx" },
  { "link": "http://www.welzow.de/" },
  { "link": "http://www.wemding.de/" },
  { "link": "https://www.wendlingen.de/" },
  { "link": "http://www.werben-elbe.de/" },
  { "link": "https://werdau.de/werdau/willkommen.asp" },
  { "link": "http://www.werder-havel.de/" },
  { "link": "http://www.werdohl.de/" },
  { "link": "https://www.werl.de/" },
  { "link": "http://www.sgwerlte.de/" },
  { "link": "http://www.wermelskirchen.de/" },
  { "link": "https://www.wernau.de/" },
  { "link": "https://www.werne.de/" },
  { "link": "http://www.stadt-werneuchen.de/" },
  { "link": "http://www.wernigerode.de/" },
  { "link": "https://www.wertheim.de/" },
  { "link": "https://www.stadt-werther.de/" },
  { "link": "http://www.wertingen.de/" },
  { "link": "https://www.wesel.de/" },
  { "link": "https://wesenberg-mecklenburg.de/" },
  { "link": "http://www.wesselburen-online.de/" },
  { "link": "http://www.wesseling.de/" },
  { "link": "http://www.stadt-westerburg.de/" },
  { "link": "https://www.westerstede.de/" },
  { "link": "https://www.wetter-hessen.de/" },
  { "link": "https://www.stadt-wetter.de/" },
  { "link": "https://www.stadt-wettin-loebejuen.de/" },
  { "link": "https://www.wetzlar.de/" },
  { "link": "http://www.widdern.de/" },
  { "link": "http://www.wiehl.de/" },
  { "link": "https://www.wiesbaden.de/" },
  { "link": "http://www.wiesmoor.de/" },
  { "link": "http://www.wiesensteig.de/" },
  { "link": "http://www.wiesloch.de/" },
  { "link": "https://www.wildau.de/" },
  { "link": "https://www.wildberg.de/" },
  { "link": "http://www.wildenfels.de/" },
  { "link": "https://www.wildeshausen.de/" },
  { "link": "https://www.wilhelmshaven.de/" },
  { "link": "http://www.wilkau-hasslau.de" },
  { "link": "http://www.willebadessen.de/" },
  { "link": "https://www.stadt-willich.de/" },
  { "link": "http://www.wilsdruff.de/" },
  { "link": "http://www.wilster.de/" },
  { "link": "https://www.wilthen.de/" },
  { "link": "http://www.windischeschenbach.de/" },
  { "link": "https://www.windsbach.de/" },
  { "link": "http://www.winnenden.de/" },
  { "link": "https://www.winsen.de/" },
  { "link": "https://www.winterberg.de/" },
  { "link": "https://www.wipperfuerth.de/" },
  { "link": "http://www.wirges.eu/" },
  { "link": "https://www.wismar.de/" },
  {
    "link": "https://www.wissen.eu/Gemeinden-Rathaus/Stadt-und-Gemeinden/Stadt-Wissen"
  },
  { "link": "https://www.witten.de/" },
  { "link": "http://www.wittenberg.de/" },
  { "link": "https://www.wittenberge.de/" },
  { "link": "http://www.amt-wittenburg.de/" },
  { "link": "http://www.wittichenau.de/" },
  { "link": "https://www.wittlich.de/" },
  { "link": "http://www.wittingen.de/" },
  { "link": "http://www.wittmund.de/" },
  { "link": "https://www.wittstock.de/" },
  { "link": "http://www.witzenhausen.eu/" },
  { "link": "https://www.windmuehlenstadt-woldegk.de/" },
  { "link": "http://www.wolfach.de/" },
  { "link": "https://www.wolfenbuettel.de/" },
  { "link": "http://www.wolfhagen.de/" },
  { "link": "https://www.wolframs-eschenbach.de/" },
  { "link": "https://www.wolfratshausen.de/" },
  { "link": "https://www.wolfsburg.de/" },
  { "link": "http://www.wolfstein.de/" },
  { "link": "http://www.wolgast.de/index.php?id=40" },
  { "link": "https://www.stadt-wolkenstein.de/" },
  { "link": "http://www.stadtwolmirstedt.de/" },
  { "link": "https://www.worms.de/de/" },
  { "link": "http://www.woerrstadt.de/" },
  { "link": "http://www.woerth-am-main.de/" },
  { "link": "https://www.woerth.de/" },
  { "link": "http://www.woerth-donau.de/" },
  { "link": "http://www.wriezen.de/" },
  { "link": "https://www.wuelfrath.net/" },
  { "link": "http://wunsiedel.de/" },
  { "link": "https://www.wunstorf.de/" },
  { "link": "https://www.wuppertal.de/" },
  { "link": "http://www.wuerselen.de/" },
  { "link": "https://www.wurzbach.de/" },
  { "link": "https://www.wuerzburg.de/" },
  { "link": "https://www.wurzen.de/" },
  { "link": "http://www.luechow-wendland.de/" },
  { "link": "http://www.wyk.de/" },
  { "link": "https://www.rathaus-xanten.de/" },
  { "link": "https://www.stadt-zahna-elster.de/" },
  { "link": "https://www.zarrentin.de/" },
  { "link": "http://www.zehdenick.de/" },
  { "link": "http://www.zeil-am-main.de/" },
  { "link": "http://www.zeitz.de/" },
  { "link": "http://www.zell.de/" },
  { "link": "https://www.zell-im-wiesental.de/" },
  { "link": "http://www.zell-mosel.com/" },
  { "link": "https://www.zella-mehlis.de/" },
  { "link": "https://www.stadt-zerbst.de/" },
  { "link": "http://www.zeulenroda-triebes.de/" },
  { "link": "http://www.zeven.de/" },
  { "link": "http://www.ziegenrueck.de/" },
  { "link": "http://www.zierenberg.org" },
  { "link": "http://www.ziesar.de/" },
  { "link": "http://www.zirndorf.de/" },
  { "link": "https://www.zittau.de/" },
  { "link": "http://www.stadt-zoerbig.de/de/" },
  { "link": "http://www.zossen.de/" },
  { "link": "http://www.zschopau.de/" },
  { "link": "https://www.zuelpich.de/" },
  { "link": "https://www.zweibruecken.de/" },
  { "link": "https://www.zwenkau.de/" },
  { "link": "https://www.zwickau.de/" },
  { "link": "https://www.zwiesel.de/" },
  { "link": "http://www.zwoenitz.de/" }
]
